episode,step,hour,building,outage_flag,control_mode,refine_skip_reason,actual_outdoor_temp,forecast_outdoor_temp,forecast_outdoor_next,abs_pct_error_outdoor_temp,actual_solar,forecast_solar,forecast_solar_next,abs_pct_error_solar,actual_load,forecast_load,forecast_load_next,abs_pct_error_load,actual_dhw,forecast_dhw,forecast_dhw_next,abs_pct_error_dhw,battery_soc,dhw_soc,action_dhw_init,action_ele_init,action_tmp_init,action_dhw_final,action_ele_final,action_tmp_final,refine_applied,trigger_reduce_load,trigger_increase_load,net_load_next,net_load_mean,net_load_std,battery_search_cost,balance_type,tau,B_low,B_high,TMP_max_reduction_percent,decision_summary,decision_narrative,resmarl_enabled,residual_alpha,residual_applied,residual_skip_reason,residual_delta_dhw,residual_delta_ele,residual_delta_tmp,residual_base_dhw,residual_base_ele,residual_base_tmp,residual_final_dhw,residual_final_ele,residual_final_tmp
1,0,1,0,0,normal,first_step,24.66,,24.0668,,0,,0,,0.356839,,0.339224,,0.0556821,,0.224413,,0.2,0,-0.83,0,0,-0.83,-0.0015368,0,0,0,0,,,,,C,1,1.18,1,0,正常工况；预测负荷 0.339 kWh；预测光伏 0.000 kWh；初稿 [DHW -0.83/ ELE 0.00/ TMP 0.00]；Refine 跳过(首步无历史),[01:00] 开始计算 Building_1 动作...|||> [本步实况] 实际上一步净用电 0.678 kWh。|||> [社区负荷] 社区实际上步净用电合计 1.428 kWh，预测下步净用电合计 1.190 kWh。|||> [预测层] ForecastAgent / XGBoost：下步室外温 24.1°C，不可调负荷 0.339 kWh，光伏 0.000 kWh，DHW 需求 0.224 kWh，粗算净负荷 偏低 (0.339 kWh，未含设备）。|||> [PID层] 室温低于设定点，冷机需求有限；PID 原始电需求 -0.106 kWh，室外 24.1°C，clip 后冷机 0.00，预测冷机电耗 - kWh。|||> [RBC层] 不满足储热条件（DHW 0.224 vs 均值 0.002，SOC 0.00），释放储热，动作 -0.83，预测 DHW 电耗 0.239 kWh。|||> [电池状态] SOC 0.20，本小时下限 0.20，可用余量 0.00（比例）。|||> [初稿] 正常工况电池初稿置 0（预测电耗 - kWh），留给树搜索决定充放电。|||> [树搜索层] 首步无历史净负荷，跳过社区级电池树搜索。|||> [电价观测] 当前电价 0.029 $/kWh（CHESCA 规则控制未直接使用电价优化，仅作环境上下文）。|||> [安全审查] 本步未执行社区 Refine，沿用初稿动作。|||> [安全审查] 设备分解：冷机 0.000 + DHW 0.239 + 电池 0.000 kWh − 光伏 0.000。|||> [MARL层介入] ResMARL 启用，α=0.15，模式 A（安全审查之后）；当前电价 0.029 $/kWh，电池 SOC 0.20。|||> [残差生成] MARL 对电池追加放电残差 -0.002（ELE 0.00→-0.00）；mask=[ELE]。|||> 最终执行：TMP 削减 (AUX) 未触发，安全放行,1,0.15,1,none,0,-0.0015368,0,-0.83,0,0,-0.83,-0.0015368,0
1,0,1,1,0,normal,first_step,24.66,,24.0668,,0,,0,,0.187333,,0.21164,,0,,0.0317964,,0.2,0,-0.83,0,0,-0.83,-0.0265442,0,0,0,0,,,,,C,1,1.18,1,0,正常工况；预测负荷 0.212 kWh；预测光伏 0.000 kWh；初稿 [DHW -0.83/ ELE 0.00/ TMP 0.00]；Refine 跳过(首步无历史),[01:00] 开始计算 Building_2 动作...|||> [本步实况] 实际上一步净用电 0.187 kWh。|||> [社区负荷] 社区实际上步净用电合计 1.428 kWh，预测下步净用电合计 1.190 kWh。|||> [预测层] ForecastAgent / XGBoost：下步室外温 24.1°C，不可调负荷 0.212 kWh，光伏 0.000 kWh，DHW 需求 0.032 kWh，粗算净负荷 偏低 (0.212 kWh，未含设备）。|||> [PID层] 室温低于设定点，冷机需求有限；PID 原始电需求 -0.124 kWh，室外 24.1°C，clip 后冷机 0.00，预测冷机电耗 - kWh。|||> [RBC层] 不满足储热条件（DHW 0.032 vs 均值 0.000，SOC 0.00），释放储热，动作 -0.83，预测 DHW 电耗 - kWh。|||> [电池状态] SOC 0.20，本小时下限 0.20，可用余量 0.00（比例）。|||> [初稿] 正常工况电池初稿置 0（预测电耗 - kWh），留给树搜索决定充放电。|||> [树搜索层] 首步无历史净负荷，跳过社区级电池树搜索。|||> [电价观测] 当前电价 0.029 $/kWh（CHESCA 规则控制未直接使用电价优化，仅作环境上下文）。|||> [安全审查] 本步未执行社区 Refine，沿用初稿动作。|||> [安全审查] 设备分解：冷机 0.000 + DHW 0.000 + 电池 0.000 kWh − 光伏 0.000。|||> [MARL层介入] ResMARL 启用，α=0.15，模式 A（安全审查之后）；当前电价 0.029 $/kWh，电池 SOC 0.20。|||> [残差生成] MARL 对电池追加放电残差 -0.027（ELE 0.00→-0.03）；mask=[ELE]。|||> 最终执行：TMP 削减 (AUX) 未触发，安全放行,1,0.15,1,none,0,-0.0265442,0,-0.83,0,0,-0.83,-0.0265442,0
1,0,1,2,0,normal,first_step,24.66,,24.0668,,0,,0,,0.42208,,0.399935,,0,,0.0285504,,0.2,0,-0.83,0,0,-0.83,-0.00335214,0,0,0,0,,,,,C,1,1.18,1,0,正常工况；预测负荷 0.400 kWh；预测光伏 0.000 kWh；初稿 [DHW -0.83/ ELE 0.00/ TMP 0.00]；Refine 跳过(首步无历史),[01:00] 开始计算 Building_3 动作...|||> [本步实况] 实际上一步净用电 0.563 kWh。|||> [社区负荷] 社区实际上步净用电合计 1.428 kWh，预测下步净用电合计 1.190 kWh。|||> [预测层] ForecastAgent / XGBoost：下步室外温 24.1°C，不可调负荷 0.400 kWh，光伏 0.000 kWh，DHW 需求 0.029 kWh，粗算净负荷 偏低 (0.400 kWh，未含设备）。|||> [PID层] 室温低于设定点，冷机需求有限；PID 原始电需求 -0.057 kWh，室外 24.1°C，clip 后冷机 0.00，预测冷机电耗 - kWh。|||> [RBC层] 不满足储热条件（DHW 0.029 vs 均值 0.000，SOC 0.00），释放储热，动作 -0.83，预测 DHW 电耗 - kWh。|||> [电池状态] SOC 0.20，本小时下限 0.20，可用余量 0.00（比例）。|||> [初稿] 正常工况电池初稿置 0（预测电耗 - kWh），留给树搜索决定充放电。|||> [树搜索层] 首步无历史净负荷，跳过社区级电池树搜索。|||> [电价观测] 当前电价 0.029 $/kWh（CHESCA 规则控制未直接使用电价优化，仅作环境上下文）。|||> [安全审查] 本步未执行社区 Refine，沿用初稿动作。|||> [安全审查] 设备分解：冷机 0.000 + DHW 0.000 + 电池 0.000 kWh − 光伏 0.000。|||> [MARL层介入] ResMARL 启用，α=0.15，模式 A（安全审查之后）；当前电价 0.029 $/kWh，电池 SOC 0.20。|||> [残差生成] MARL 对电池追加放电残差 -0.003（ELE 0.00→-0.00）；mask=[ELE]。|||> 最终执行：TMP 削减 (AUX) 未触发，安全放行,1,0.15,1,none,0,-0.00335214,0,-0.83,0,0,-0.83,-0.00335214,0
1,1,2,0,0,normal,none,24.07,24.0668,23.8926,0.000134869,0,0,0,0,0.345078,0.339224,0.326006,0.0169652,0.159338,0.224413,0.173899,0.408406,0,0,-0.83,0,0,-0.83,0.777031,0,1,1,0,3.63117,0.338941,0.338941,3.20612,C,1,1.18,1,0,正常工况；预测负荷 0.326 kWh；预测光伏 0.000 kWh；初稿 [DHW -0.83/ ELE 0.00/ TMP 0.00]；Refine 后 [DHW -0.83/ ELE 0.78/ TMP 0.00]；触发 B_high 减负荷；树搜索 cost 3.2061,"[02:00] 开始计算 Building_1 动作...|||> [本步实况] 实际上一步净用电 0.000 kWh。|||> [社区负荷] 社区实际上步净用电合计 0.000 kWh，预测下步净用电合计 8.806 kWh。|||> [预测层] ForecastAgent / XGBoost：下步室外温 23.9°C（上步预测误差 0.0%），不可调负荷 0.326 kWh（上步预测误差 1.7%），光伏 0.000 kWh（上步预测误差 0.0%），DHW 需求 0.174 kWh（上步预测误差 40.8%），粗算净负荷 偏低 (0.326 kWh，未含设备）。|||> [PID层] 需降温；PID 原始电需求 -0.128 kWh，室外 23.9°C，clip 后冷机 0.00，预测冷机电耗 0.000 kWh。|||> [RBC层] 不满足储热条件（DHW 0.174 vs 均值 0.009，SOC 0.00），释放储热，动作 -0.83，预测 DHW 电耗 0.185 kWh。|||> [电池状态] SOC 0.00，本小时下限 0.20，可用余量 -0.20（比例）。|||> [初稿] 正常工况电池初稿置 0（预测电耗 3.120 kWh），留给树搜索决定充放电。|||> [树搜索层] 输入状态 [均值 0.339, SOC 0.00, 当前净负荷 0.000, 下步净负荷 0.511]；为平抑 偏低 净负荷 (0.511 kWh)，电池充电，基准动作：0.78（搜索 cost 3.2061）。|||> [电价观测] 当前电价 0.029 $/kWh（CHESCA 规则控制未直接使用电价优化，仅作环境上下文）。|||> [安全审查] 净负荷 3.631 kWh 超过 B_high 警戒线 0.678 kWh（均值 0.339 + B_high×σ 0.678）；尝试削减 DHW/TMP。|||> [安全审查] 设备分解：冷机 0.000 + DHW 0.185 + 电池 3.120 kWh − 光伏 0.000 → 净负荷 3.631 kWh。|||> [MARL层介入] ResMARL 启用，α=0.15，模式 A（安全审查之后）；当前电价 0.029 $/kWh，电池 SOC 0.00，审查后净负荷 3.631 kWh。|||> [残差生成] MARL 对电池追加放电残差 -0.003（ELE 0.78→0.78）；mask=[ELE]。|||> 最终执行：TMP 削减 (AUX) 未触发，安全放行；终稿 DHW -0.83 / ELE 0.78 / TMP 0.00",1,0.15,1,none,0,-0.00296905,0,-0.83,0.78,0,-0.83,0.777031,0
1,1,2,1,0,normal,none,24.07,24.0668,23.8926,0.000134869,0,0,0,0,0.185918,0.21164,0.21164,0.138352,0,0.0317964,0.0299688,0.0317964,0,0,-0.83,0,0,-0.83,0.751044,0,1,1,0,3.33164,0.0936664,0.0936664,3.17899,C,1,1.18,1,0,正常工况；预测负荷 0.212 kWh；预测光伏 0.000 kWh；初稿 [DHW -0.83/ ELE 0.00/ TMP 0.00]；Refine 后 [DHW -0.83/ ELE 0.75/ TMP 0.00]；触发 B_high 减负荷；树搜索 cost 3.1790,"[02:00] 开始计算 Building_2 动作...|||> [本步实况] 实际上一步净用电 0.000 kWh。|||> [社区负荷] 社区实际上步净用电合计 0.000 kWh，预测下步净用电合计 8.806 kWh。|||> [预测层] ForecastAgent / XGBoost：下步室外温 23.9°C（上步预测误差 0.0%），不可调负荷 0.212 kWh（上步预测误差 13.8%），光伏 0.000 kWh（上步预测误差 0.0%），DHW 需求 0.030 kWh（上步预测误差 3.2%），粗算净负荷 偏低 (0.212 kWh，未含设备）。|||> [PID层] 室温低于设定点，冷机需求有限；PID 原始电需求 -0.227 kWh，室外 23.9°C，clip 后冷机 0.00，预测冷机电耗 0.000 kWh。|||> [RBC层] 不满足储热条件（DHW 0.030 vs 均值 0.000，SOC 0.00），释放储热，动作 -0.83，预测 DHW 电耗 0.000 kWh。|||> [电池状态] SOC 0.00，本小时下限 0.20，可用余量 -0.20（比例）。|||> [初稿] 正常工况电池初稿置 0（预测电耗 3.120 kWh），留给树搜索决定充放电。|||> [树搜索层] 输入状态 [均值 0.094, SOC 0.00, 当前净负荷 0.000, 下步净负荷 0.212]；为平抑 偏低 净负荷 (0.212 kWh)，电池充电，基准动作：0.78（搜索 cost 3.1790）。|||> [电价观测] 当前电价 0.029 $/kWh（CHESCA 规则控制未直接使用电价优化，仅作环境上下文）。|||> [Refine 微调] 树搜索后对电池追加放电调整 0.03，终稿 ELE 0.75。|||> [安全审查] 净负荷 3.332 kWh 超过 B_high 警戒线 0.187 kWh（均值 0.094 + B_high×σ 0.187）；尝试削减 DHW/TMP。|||> [安全审查] 设备分解：冷机 0.000 + DHW 0.000 + 电池 3.120 kWh − 光伏 0.000 → 净负荷 3.332 kWh。|||> [MARL层介入] ResMARL 启用，α=0.15，模式 A（安全审查之后）；当前电价 0.029 $/kWh，电池 SOC 0.00，审查后净负荷 3.332 kWh。|||> [残差生成] MARL 对电池追加放电残差 -0.029（ELE 0.78→0.75）；mask=[ELE]。|||> 最终执行：TMP 削减 (AUX) 未触发，安全放行；终稿 DHW -0.83 / ELE 0.75 / TMP 0.00",1,0.15,1,none,0,-0.0289564,0,-0.83,0.78,0,-0.83,0.751044,0
1,1,2,2,0,normal,none,24.07,24.0668,23.8926,0.000134869,0,0,0,0,0.419002,0.399935,0.399935,0.045506,0,0.0285504,0.0366754,0.0285504,0,0,-0.83,0,0,-0.83,0.777999,0,1,1,0,1.971,0.281576,0.281576,2.63318,C,1,1.18,1,0,正常工况；预测负荷 0.400 kWh；预测光伏 0.000 kWh；初稿 [DHW -0.83/ ELE 0.00/ TMP 0.00]；Refine 后 [DHW -0.83/ ELE 0.78/ TMP 0.00]；触发 B_high 减负荷；树搜索 cost 2.6332,"[02:00] 开始计算 Building_3 动作...|||> [本步实况] 实际上一步净用电 0.000 kWh。|||> [社区负荷] 社区实际上步净用电合计 0.000 kWh，预测下步净用电合计 8.806 kWh。|||> [预测层] ForecastAgent / XGBoost：下步室外温 23.9°C（上步预测误差 0.0%），不可调负荷 0.400 kWh（上步预测误差 4.6%），光伏 0.000 kWh（上步预测误差 0.0%），DHW 需求 0.037 kWh（上步预测误差 2.9%），粗算净负荷 偏低 (0.400 kWh，未含设备）。|||> [PID层] 室温低于设定点，冷机需求有限；PID 原始电需求 -0.095 kWh，室外 23.9°C，clip 后冷机 0.00，预测冷机电耗 0.000 kWh。|||> [RBC层] 不满足储热条件（DHW 0.037 vs 均值 0.000，SOC 0.00），释放储热，动作 -0.83，预测 DHW 电耗 0.000 kWh。|||> [电池状态] SOC 0.00，本小时下限 0.20，可用余量 -0.20（比例）。|||> [初稿] 正常工况电池初稿置 0（预测电耗 1.571 kWh），留给树搜索决定充放电。|||> [树搜索层] 输入状态 [均值 0.282, SOC 0.00, 当前净负荷 0.000, 下步净负荷 0.400]；为平抑 偏低 净负荷 (0.400 kWh)，电池充电，基准动作：0.78（搜索 cost 2.6332）。|||> [电价观测] 当前电价 0.029 $/kWh（CHESCA 规则控制未直接使用电价优化，仅作环境上下文）。|||> [安全审查] 净负荷 1.971 kWh 超过 B_high 警戒线 0.563 kWh（均值 0.282 + B_high×σ 0.563）；尝试削减 DHW/TMP。|||> [安全审查] 设备分解：冷机 0.000 + DHW 0.000 + 电池 1.571 kWh − 光伏 0.000 → 净负荷 1.971 kWh。|||> [MARL层介入] ResMARL 启用，α=0.15，模式 A（安全审查之后）；当前电价 0.029 $/kWh，电池 SOC 0.00，审查后净负荷 1.971 kWh。|||> [残差生成] MARL 对电池追加放电残差 -0.002（ELE 0.78→0.78）；mask=[ELE]。|||> 最终执行：TMP 削减 (AUX) 未触发，安全放行；终稿 DHW -0.83 / ELE 0.78 / TMP 0.00",1,0.15,1,none,0,-0.00200055,0,-0.83,0.78,0,-0.83,0.777999,0
1,2,3,0,0,normal,none,23.9,23.8926,23.6984,0.000309246,0,0,0,0,0.338769,0.326006,0.338358,0.0376758,0.0570043,0.173899,0.116532,2.05064,0,0,-0.83,0,0,-0.83,0.797516,0,1,1,0,3.53836,0.22596,0.319556,3.2562,C,1,1.18,1,0,正常工况；预测负荷 0.338 kWh；预测光伏 0.000 kWh；初稿 [DHW -0.83/ ELE 0.00/ TMP 0.00]；Refine 后 [DHW -0.83/ ELE 0.80/ TMP 0.00]；触发 B_high 减负荷；树搜索 cost 3.2562,"[03:00] 开始计算 Building_1 动作...|||> [本步实况] 实际上一步净用电 0.000 kWh。|||> [社区负荷] 社区实际上步净用电合计 0.000 kWh，预测下步净用电合计 8.861 kWh。|||> [预测层] ForecastAgent / XGBoost：下步室外温 23.7°C（上步预测误差 0.0%），不可调负荷 0.338 kWh（上步预测误差 3.8%），光伏 0.000 kWh（上步预测误差 0.0%），DHW 需求 0.117 kWh（上步预测误差 205.1%），粗算净负荷 偏低 (0.338 kWh，未含设备）。|||> [PID层] 需降温；PID 原始电需求 -0.145 kWh，室外 23.7°C，clip 后冷机 0.00，预测冷机电耗 0.000 kWh。|||> [RBC层] 不满足储热条件（DHW 0.117 vs 均值 0.011，SOC 0.00），释放储热，动作 -0.83，预测 DHW 电耗 0.000 kWh。|||> [电池状态] SOC 0.00，本小时下限 0.20，可用余量 -0.20（比例）。|||> [初稿] 正常工况电池初稿置 0（预测电耗 3.200 kWh），留给树搜索决定充放电。|||> [树搜索层] 输入状态 [均值 0.226, SOC 0.00, 当前净负荷 0.000, 下步净负荷 0.338]；为平抑 偏低 净负荷 (0.338 kWh)，电池充电，基准动作：0.80（搜索 cost 3.2562）。|||> [电价观测] 当前电价 0.029 $/kWh（CHESCA 规则控制未直接使用电价优化，仅作环境上下文）。|||> [安全审查] 净负荷 3.538 kWh 超过 B_high 警戒线 0.546 kWh（均值 0.226 + B_high×σ 0.546）；尝试削减 DHW/TMP。|||> [安全审查] 设备分解：冷机 0.000 + DHW 0.000 + 电池 3.200 kWh − 光伏 0.000 → 净负荷 3.538 kWh。|||> [MARL层介入] ResMARL 启用，α=0.15，模式 A（安全审查之后）；当前电价 0.029 $/kWh，电池 SOC 0.00，审查后净负荷 3.538 kWh。|||> [残差生成] MARL 对电池追加放电残差 -0.002（ELE 0.80→0.80）；mask=[ELE]。|||> 最终执行：TMP 削减 (AUX) 未触发，安全放行；终稿 DHW -0.83 / ELE 0.80 / TMP 0.00",1,0.15,1,none,0,-0.00248396,0,-0.83,0.8,0,-0.83,0.797516,0
1,2,3,1,0,normal,none,23.9,23.8926,23.6984,0.000309246,0,0,0,0,0.184616,0.21164,0.235703,0.146379,0,0.0299688,0.0324891,0.0299688,0,0,-0.83,0,0,-0.83,0.772732,0,1,1,0,3.4357,0.0624443,0.0883095,3.28663,C,1,1.18,1,0,正常工况；预测负荷 0.236 kWh；预测光伏 0.000 kWh；初稿 [DHW -0.83/ ELE 0.00/ TMP 0.00]；Refine 后 [DHW -0.83/ ELE 0.77/ TMP 0.00]；触发 B_high 减负荷；树搜索 cost 3.2866,"[03:00] 开始计算 Building_2 动作...|||> [本步实况] 实际上一步净用电 0.000 kWh。|||> [社区负荷] 社区实际上步净用电合计 0.000 kWh，预测下步净用电合计 8.861 kWh。|||> [预测层] ForecastAgent / XGBoost：下步室外温 23.7°C（上步预测误差 0.0%），不可调负荷 0.236 kWh（上步预测误差 14.6%），光伏 0.000 kWh（上步预测误差 0.0%），DHW 需求 0.032 kWh（上步预测误差 3.0%），粗算净负荷 偏低 (0.236 kWh，未含设备）。|||> [PID层] 室温低于设定点，冷机需求有限；PID 原始电需求 -0.324 kWh，室外 23.7°C，clip 后冷机 0.00，预测冷机电耗 0.000 kWh。|||> [RBC层] 不满足储热条件（DHW 0.032 vs 均值 0.000，SOC 0.00），释放储热，动作 -0.83，预测 DHW 电耗 0.000 kWh。|||> [电池状态] SOC 0.00，本小时下限 0.20，可用余量 -0.20（比例）。|||> [初稿] 正常工况电池初稿置 0（预测电耗 3.200 kWh），留给树搜索决定充放电。|||> [树搜索层] 输入状态 [均值 0.062, SOC 0.00, 当前净负荷 0.000, 下步净负荷 0.236]；为平抑 偏低 净负荷 (0.236 kWh)，电池充电，基准动作：0.80（搜索 cost 3.2866）。|||> [电价观测] 当前电价 0.029 $/kWh（CHESCA 规则控制未直接使用电价优化，仅作环境上下文）。|||> [Refine 微调] 树搜索后对电池追加放电调整 0.03，终稿 ELE 0.77。|||> [安全审查] 净负荷 3.436 kWh 超过 B_high 警戒线 0.151 kWh（均值 0.062 + B_high×σ 0.151）；尝试削减 DHW/TMP。|||> [安全审查] 设备分解：冷机 0.000 + DHW 0.000 + 电池 3.200 kWh − 光伏 0.000 → 净负荷 3.436 kWh。|||> [MARL层介入] ResMARL 启用，α=0.15，模式 A（安全审查之后）；当前电价 0.029 $/kWh，电池 SOC 0.00，审查后净负荷 3.436 kWh。|||> [残差生成] MARL 对电池追加放电残差 -0.027（ELE 0.80→0.77）；mask=[ELE]。|||> 最终执行：TMP 削减 (AUX) 未触发，安全放行；终稿 DHW -0.83 / ELE 0.77 / TMP 0.00",1,0.15,1,none,0,-0.0272683,0,-0.83,0.8,0,-0.83,0.772732,0
1,2,3,2,0,normal,none,23.9,23.8926,23.6984,0.000309246,0,0,0,0,0.416603,0.399935,0.435247,0.0400097,0,0.0366754,0.0462163,0.0366754,0,0,-0.83,0,0,-0.83,0.798063,0,1,1,0,2.00631,0.187717,0.265472,2.76376,C,1,1.18,1,0,正常工况；预测负荷 0.435 kWh；预测光伏 0.000 kWh；初稿 [DHW -0.83/ ELE 0.00/ TMP 0.00]；Refine 后 [DHW -0.83/ ELE 0.80/ TMP 0.00]；触发 B_high 减负荷；树搜索 cost 2.7638,"[03:00] 开始计算 Building_3 动作...|||> [本步实况] 实际上一步净用电 0.000 kWh。|||> [社区负荷] 社区实际上步净用电合计 0.000 kWh，预测下步净用电合计 8.861 kWh。|||> [预测层] ForecastAgent / XGBoost：下步室外温 23.7°C（上步预测误差 0.0%），不可调负荷 0.435 kWh（上步预测误差 4.0%），光伏 0.000 kWh（上步预测误差 0.0%），DHW 需求 0.046 kWh（上步预测误差 3.7%），粗算净负荷 偏低 (0.435 kWh，未含设备）。|||> [PID层] 室温低于设定点，冷机需求有限；PID 原始电需求 -0.122 kWh，室外 23.7°C，clip 后冷机 0.00，预测冷机电耗 0.000 kWh。|||> [RBC层] 不满足储热条件（DHW 0.046 vs 均值 0.000，SOC 0.00），释放储热，动作 -0.83，预测 DHW 电耗 0.000 kWh。|||> [电池状态] SOC 0.00，本小时下限 0.20，可用余量 -0.20（比例）。|||> [初稿] 正常工况电池初稿置 0（预测电耗 1.571 kWh），留给树搜索决定充放电。|||> [树搜索层] 输入状态 [均值 0.188, SOC 0.00, 当前净负荷 0.000, 下步净负荷 0.435]；为平抑 偏低 净负荷 (0.435 kWh)，电池充电，基准动作：0.80（搜索 cost 2.7638）。|||> [电价观测] 当前电价 0.029 $/kWh（CHESCA 规则控制未直接使用电价优化，仅作环境上下文）。|||> [安全审查] 净负荷 2.006 kWh 超过 B_high 警戒线 0.453 kWh（均值 0.188 + B_high×σ 0.453）；尝试削减 DHW/TMP。|||> [安全审查] 设备分解：冷机 0.000 + DHW 0.000 + 电池 1.571 kWh − 光伏 0.000 → 净负荷 2.006 kWh。|||> [MARL层介入] ResMARL 启用，α=0.15，模式 A（安全审查之后）；当前电价 0.029 $/kWh，电池 SOC 0.00，审查后净负荷 2.006 kWh。|||> [残差生成] MARL 对电池追加放电残差 -0.002（ELE 0.80→0.80）；mask=[ELE]。|||> 最终执行：TMP 削减 (AUX) 未触发，安全放行；终稿 DHW -0.83 / ELE 0.80 / TMP 0.00",1,0.15,1,none,0,-0.001937,0,-0.83,0.8,0,-0.83,0.798063,0
1,3,4,0,0,normal,none,23.87,23.6984,23.6083,0.00719015,0,0,0,0,0.334856,0.338358,0.345653,0.0104567,0,0.116532,0.0914086,0.116532,0,0,-0.83,0,0,-0.83,0.846599,0,1,1,0,3.61763,0.16947,0.293531,3.48809,C,1,1.18,1,0,正常工况；预测负荷 0.346 kWh；预测光伏 0.000 kWh；初稿 [DHW -0.83/ ELE 0.00/ TMP 0.00]；Refine 后 [DHW -0.83/ ELE 0.85/ TMP 0.00]；触发 B_high 减负荷；树搜索 cost 3.4881,"[04:00] 开始计算 Building_1 动作...|||> [本步实况] 实际上一步净用电 0.000 kWh。|||> [社区负荷] 社区实际上步净用电合计 0.000 kWh，预测下步净用电合计 9.157 kWh。|||> [预测层] ForecastAgent / XGBoost：下步室外温 23.6°C（上步预测误差 0.7%），不可调负荷 0.346 kWh（上步预测误差 1.0%），光伏 0.000 kWh（上步预测误差 0.0%），DHW 需求 0.091 kWh（上步预测误差 11.7%），粗算净负荷 偏低 (0.346 kWh，未含设备）。|||> [PID层] 需降温；PID 原始电需求 -0.175 kWh，室外 23.6°C，clip 后冷机 0.00，预测冷机电耗 0.000 kWh。|||> [RBC层] 不满足储热条件（DHW 0.091 vs 均值 0.011，SOC 0.00），释放储热，动作 -0.83，预测 DHW 电耗 0.000 kWh。|||> [电池状态] SOC 0.00，本小时下限 0.20，可用余量 -0.20（比例）。|||> [初稿] 正常工况电池初稿置 0（预测电耗 3.272 kWh），留给树搜索决定充放电。|||> [树搜索层] 输入状态 [均值 0.169, SOC 0.00, 当前净负荷 0.000, 下步净负荷 0.346]；为平抑 偏低 净负荷 (0.346 kWh)，电池充电，基准动作：0.85（搜索 cost 3.4881）。|||> [电价观测] 当前电价 0.029 $/kWh（CHESCA 规则控制未直接使用电价优化，仅作环境上下文）。|||> [安全审查] 净负荷 3.618 kWh 超过 B_high 警戒线 0.463 kWh（均值 0.169 + B_high×σ 0.463）；尝试削减 DHW/TMP。|||> [安全审查] 设备分解：冷机 0.000 + DHW 0.000 + 电池 3.272 kWh − 光伏 0.000 → 净负荷 3.618 kWh。|||> [MARL层介入] ResMARL 启用，α=0.15，模式 A（安全审查之后）；当前电价 0.029 $/kWh，电池 SOC 0.00，审查后净负荷 3.618 kWh。|||> [残差生成] MARL 对电池追加放电残差 -0.003（ELE 0.85→0.85）；mask=[ELE]。|||> 最终执行：TMP 削减 (AUX) 未触发，安全放行；终稿 DHW -0.83 / ELE 0.85 / TMP 0.00",1,0.15,1,none,0,-0.00340147,0,-0.83,0.85,0,-0.83,0.846599,0
1,3,4,1,0,normal,none,23.87,23.6984,23.6083,0.00719015,0,0,0,0,0.187352,0.235703,0.242998,0.258076,0,0.0324891,0.0514431,0.0324891,0,0,-0.83,0,0,-0.83,0.824229,0,1,1,0,3.52924,0.0468332,0.0811175,3.49808,C,1,1.18,1,0,正常工况；预测负荷 0.243 kWh；预测光伏 0.000 kWh；初稿 [DHW -0.83/ ELE 0.00/ TMP 0.00]；Refine 后 [DHW -0.83/ ELE 0.82/ TMP 0.00]；触发 B_high 减负荷；树搜索 cost 3.4981,"[04:00] 开始计算 Building_2 动作...|||> [本步实况] 实际上一步净用电 0.000 kWh。|||> [社区负荷] 社区实际上步净用电合计 0.000 kWh，预测下步净用电合计 9.157 kWh。|||> [预测层] ForecastAgent / XGBoost：下步室外温 23.6°C（上步预测误差 0.7%），不可调负荷 0.243 kWh（上步预测误差 25.8%），光伏 0.000 kWh（上步预测误差 0.0%），DHW 需求 0.051 kWh（上步预测误差 3.2%），粗算净负荷 偏低 (0.243 kWh，未含设备）。|||> [PID层] 室温低于设定点，冷机需求有限；PID 原始电需求 -0.457 kWh，室外 23.6°C，clip 后冷机 0.00，预测冷机电耗 0.000 kWh。|||> [RBC层] 不满足储热条件（DHW 0.051 vs 均值 0.000，SOC 0.00），释放储热，动作 -0.83，预测 DHW 电耗 0.000 kWh。|||> [电池状态] SOC 0.00，本小时下限 0.20，可用余量 -0.20（比例）。|||> [初稿] 正常工况电池初稿置 0（预测电耗 3.286 kWh），留给树搜索决定充放电。|||> [树搜索层] 输入状态 [均值 0.047, SOC 0.00, 当前净负荷 0.000, 下步净负荷 0.243]；为平抑 偏低 净负荷 (0.243 kWh)，电池充电，基准动作：0.85（搜索 cost 3.4981）。|||> [电价观测] 当前电价 0.029 $/kWh（CHESCA 规则控制未直接使用电价优化，仅作环境上下文）。|||> [Refine 微调] 树搜索后对电池追加放电调整 0.03，终稿 ELE 0.82。|||> [安全审查] 净负荷 3.529 kWh 超过 B_high 警戒线 0.128 kWh（均值 0.047 + B_high×σ 0.128）；尝试削减 DHW/TMP。|||> [安全审查] 设备分解：冷机 0.000 + DHW 0.000 + 电池 3.286 kWh − 光伏 0.000 → 净负荷 3.529 kWh。|||> [MARL层介入] ResMARL 启用，α=0.15，模式 A（安全审查之后）；当前电价 0.029 $/kWh，电池 SOC 0.00，审查后净负荷 3.529 kWh。|||> [残差生成] MARL 对电池追加放电残差 -0.026（ELE 0.85→0.82）；mask=[ELE]。|||> 最终执行：TMP 削减 (AUX) 未触发，安全放行；终稿 DHW -0.83 / ELE 0.82 / TMP 0.00",1,0.15,1,none,0,-0.0257707,0,-0.83,0.85,0,-0.83,0.824229,0
1,3,4,2,0,normal,none,23.87,23.6984,23.6083,0.00719015,0,0,0,0,0.41883,0.435247,0.439058,0.0391981,0,0.0462163,0.0817418,0.0462163,0,0,-0.83,0,0,-0.83,0.847328,0,1,1,0,2.01012,0.140788,0.243852,2.95414,C,1,1.18,1,0,正常工况；预测负荷 0.439 kWh；预测光伏 0.000 kWh；初稿 [DHW -0.83/ ELE 0.00/ TMP 0.00]；Refine 后 [DHW -0.83/ ELE 0.85/ TMP 0.00]；触发 B_high 减负荷；树搜索 cost 2.9541,"[04:00] 开始计算 Building_3 动作...|||> [本步实况] 实际上一步净用电 0.000 kWh。|||> [社区负荷] 社区实际上步净用电合计 0.000 kWh，预测下步净用电合计 9.157 kWh。|||> [预测层] ForecastAgent / XGBoost：下步室外温 23.6°C（上步预测误差 0.7%），不可调负荷 0.439 kWh（上步预测误差 3.9%），光伏 0.000 kWh（上步预测误差 0.0%），DHW 需求 0.082 kWh（上步预测误差 4.6%），粗算净负荷 偏低 (0.439 kWh，未含设备）。|||> [PID层] 室温低于设定点，冷机需求有限；PID 原始电需求 -0.151 kWh，室外 23.6°C，clip 后冷机 0.00，预测冷机电耗 0.000 kWh。|||> [RBC层] 不满足储热条件（DHW 0.082 vs 均值 0.000，SOC 0.00），释放储热，动作 -0.83，预测 DHW 电耗 0.000 kWh。|||> [电池状态] SOC 0.00，本小时下限 0.20，可用余量 -0.20（比例）。|||> [初稿] 正常工况电池初稿置 0（预测电耗 1.571 kWh），留给树搜索决定充放电。|||> [树搜索层] 输入状态 [均值 0.141, SOC 0.00, 当前净负荷 0.000, 下步净负荷 0.439]；为平抑 偏低 净负荷 (0.439 kWh)，电池充电，基准动作：0.85（搜索 cost 2.9541）。|||> [电价观测] 当前电价 0.029 $/kWh（CHESCA 规则控制未直接使用电价优化，仅作环境上下文）。|||> [安全审查] 净负荷 2.010 kWh 超过 B_high 警戒线 0.385 kWh（均值 0.141 + B_high×σ 0.385）；尝试削减 DHW/TMP。|||> [安全审查] 设备分解：冷机 0.000 + DHW 0.000 + 电池 1.571 kWh − 光伏 0.000 → 净负荷 2.010 kWh。|||> [MARL层介入] ResMARL 启用，α=0.15，模式 A（安全审查之后）；当前电价 0.029 $/kWh，电池 SOC 0.00，审查后净负荷 2.010 kWh。|||> [残差生成] MARL 对电池追加放电残差 -0.003（ELE 0.85→0.85）；mask=[ELE]。|||> 最终执行：TMP 削减 (AUX) 未触发，安全放行；终稿 DHW -0.83 / ELE 0.85 / TMP 0.00",1,0.15,1,none,0,-0.00267197,0,-0.83,0.85,0,-0.83,0.847328,0
1,4,5,0,0,normal,none,23.83,23.6083,23.7706,0.00930247,0,0,0,0,0.348607,0.345653,0.366223,0.00847503,0,0.0914086,0.109859,0.0914086,0,0,-0.83,0,0,-0.83,0.795579,0,1,1,0,3.56622,0.135576,0.271153,3.31532,C,1,1.18,1,0,正常工况；预测负荷 0.366 kWh；预测光伏 0.000 kWh；初稿 [DHW -0.83/ ELE 0.00/ TMP 0.00]；Refine 后 [DHW -0.83/ ELE 0.80/ TMP 0.00]；触发 B_high 减负荷；树搜索 cost 3.3153,"[05:00] 开始计算 Building_1 动作...|||> [本步实况] 实际上一步净用电 0.000 kWh。|||> [社区负荷] 社区实际上步净用电合计 0.000 kWh，预测下步净用电合计 8.965 kWh。|||> [预测层] ForecastAgent / XGBoost：下步室外温 23.8°C（上步预测误差 0.9%），不可调负荷 0.366 kWh（上步预测误差 0.8%），光伏 0.000 kWh（上步预测误差 0.0%），DHW 需求 0.110 kWh（上步预测误差 9.1%），粗算净负荷 偏低 (0.366 kWh，未含设备）。|||> [PID层] 需降温；PID 原始电需求 -0.204 kWh，室外 23.8°C，clip 后冷机 0.00，预测冷机电耗 0.000 kWh。|||> [RBC层] 不满足储热条件（DHW 0.110 vs 均值 0.011，SOC 0.00），释放储热，动作 -0.83，预测 DHW 电耗 0.000 kWh。|||> [电池状态] SOC 0.00，本小时下限 0.20，可用余量 -0.20（比例）。|||> [初稿] 正常工况电池初稿置 0（预测电耗 3.200 kWh），留给树搜索决定充放电。|||> [树搜索层] 输入状态 [均值 0.136, SOC 0.00, 当前净负荷 0.000, 下步净负荷 0.366]；为平抑 偏低 净负荷 (0.366 kWh)，电池充电，基准动作：0.80（搜索 cost 3.3153）。|||> [电价观测] 当前电价 0.029 $/kWh（CHESCA 规则控制未直接使用电价优化，仅作环境上下文）。|||> [安全审查] 净负荷 3.566 kWh 超过 B_high 警戒线 0.407 kWh（均值 0.136 + B_high×σ 0.407）；尝试削减 DHW/TMP。|||> [安全审查] 设备分解：冷机 0.000 + DHW 0.000 + 电池 3.200 kWh − 光伏 0.000 → 净负荷 3.566 kWh。|||> [MARL层介入] ResMARL 启用，α=0.15，模式 A（安全审查之后）；当前电价 0.029 $/kWh，电池 SOC 0.00，审查后净负荷 3.566 kWh。|||> [残差生成] MARL 对电池追加放电残差 -0.004（ELE 0.80→0.80）；mask=[ELE]。|||> 最终执行：TMP 削减 (AUX) 未触发，安全放行；终稿 DHW -0.83 / ELE 0.80 / TMP 0.00",1,0.15,1,none,0,-0.00442128,0,-0.83,0.8,0,-0.83,0.795579,0
1,4,5,1,0,normal,none,23.83,23.6083,23.7706,0.00930247,0,0,0,0,0.202237,0.242998,0.272315,0.20155,0,0.0514431,0.066082,0.0514431,0,0,-0.83,0,0,-0.83,0.776395,0,1,1,0,3.47232,0.0374666,0.0749331,3.31742,C,1,1.18,1,0,正常工况；预测负荷 0.272 kWh；预测光伏 0.000 kWh；初稿 [DHW -0.83/ ELE 0.00/ TMP 0.00]；Refine 后 [DHW -0.83/ ELE 0.78/ TMP 0.00]；触发 B_high 减负荷；树搜索 cost 3.3174,"[05:00] 开始计算 Building_2 动作...|||> [本步实况] 实际上一步净用电 0.000 kWh。|||> [社区负荷] 社区实际上步净用电合计 0.000 kWh，预测下步净用电合计 8.965 kWh。|||> [预测层] ForecastAgent / XGBoost：下步室外温 23.8°C（上步预测误差 0.9%），不可调负荷 0.272 kWh（上步预测误差 20.2%），光伏 0.000 kWh（上步预测误差 0.0%），DHW 需求 0.066 kWh（上步预测误差 5.1%），粗算净负荷 偏低 (0.272 kWh，未含设备）。|||> [PID层] 室温低于设定点，冷机需求有限；PID 原始电需求 -0.630 kWh，室外 23.8°C，clip 后冷机 0.00，预测冷机电耗 0.000 kWh。|||> [RBC层] 不满足储热条件（DHW 0.066 vs 均值 0.000，SOC 0.00），释放储热，动作 -0.83，预测 DHW 电耗 0.000 kWh。|||> [电池状态] SOC 0.00，本小时下限 0.20，可用余量 -0.20（比例）。|||> [初稿] 正常工况电池初稿置 0（预测电耗 3.200 kWh），留给树搜索决定充放电。|||> [树搜索层] 输入状态 [均值 0.037, SOC 0.00, 当前净负荷 0.000, 下步净负荷 0.272]；为平抑 偏低 净负荷 (0.272 kWh)，电池充电，基准动作：0.80（搜索 cost 3.3174）。|||> [电价观测] 当前电价 0.029 $/kWh（CHESCA 规则控制未直接使用电价优化，仅作环境上下文）。|||> [Refine 微调] 树搜索后对电池追加放电调整 0.02，终稿 ELE 0.78。|||> [安全审查] 净负荷 3.472 kWh 超过 B_high 警戒线 0.112 kWh（均值 0.037 + B_high×σ 0.112）；尝试削减 DHW/TMP。|||> [安全审查] 设备分解：冷机 0.000 + DHW 0.000 + 电池 3.200 kWh − 光伏 0.000 → 净负荷 3.472 kWh。|||> [MARL层介入] ResMARL 启用，α=0.15，模式 A（安全审查之后）；当前电价 0.029 $/kWh，电池 SOC 0.00，审查后净负荷 3.472 kWh。|||> [残差生成] MARL 对电池追加放电残差 -0.024（ELE 0.80→0.78）；mask=[ELE]。|||> 最终执行：TMP 削减 (AUX) 未触发，安全放行；终稿 DHW -0.83 / ELE 0.78 / TMP 0.00",1,0.15,1,none,0,-0.0236051,0,-0.83,0.8,0,-0.83,0.776395,0
1,4,5,2,0,normal,none,23.83,23.6083,23.7706,0.00930247,0,0,0,0,0.43516,0.439058,0.467774,0.0089574,0,0.0817418,0.066082,0.0817418,0,0,-0.83,0,0,-0.83,0.795427,0,1,1,0,2.03883,0.11263,0.225261,2.81757,C,1,1.18,1,0,正常工况；预测负荷 0.468 kWh；预测光伏 0.000 kWh；初稿 [DHW -0.83/ ELE 0.00/ TMP 0.00]；Refine 后 [DHW -0.83/ ELE 0.80/ TMP 0.00]；触发 B_high 减负荷；树搜索 cost 2.8176,"[05:00] 开始计算 Building_3 动作...|||> [本步实况] 实际上一步净用电 0.000 kWh。|||> [社区负荷] 社区实际上步净用电合计 0.000 kWh，预测下步净用电合计 8.965 kWh。|||> [预测层] ForecastAgent / XGBoost：下步室外温 23.8°C（上步预测误差 0.9%），不可调负荷 0.468 kWh（上步预测误差 0.9%），光伏 0.000 kWh（上步预测误差 0.0%），DHW 需求 0.066 kWh（上步预测误差 8.2%），粗算净负荷 偏低 (0.468 kWh，未含设备）。|||> [PID层] 室温低于设定点，冷机需求有限；PID 原始电需求 -0.216 kWh，室外 23.8°C，clip 后冷机 0.00，预测冷机电耗 0.000 kWh。|||> [RBC层] 不满足储热条件（DHW 0.066 vs 均值 0.000，SOC 0.00），释放储热，动作 -0.83，预测 DHW 电耗 0.000 kWh。|||> [电池状态] SOC 0.00，本小时下限 0.20，可用余量 -0.20（比例）。|||> [初稿] 正常工况电池初稿置 0（预测电耗 1.571 kWh），留给树搜索决定充放电。|||> [树搜索层] 输入状态 [均值 0.113, SOC 0.00, 当前净负荷 0.000, 下步净负荷 0.468]；为平抑 偏低 净负荷 (0.468 kWh)，电池充电，基准动作：0.80（搜索 cost 2.8176）。|||> [电价观测] 当前电价 0.029 $/kWh（CHESCA 规则控制未直接使用电价优化，仅作环境上下文）。|||> [安全审查] 净负荷 2.039 kWh 超过 B_high 警戒线 0.338 kWh（均值 0.113 + B_high×σ 0.338）；尝试削减 DHW/TMP。|||> [安全审查] 设备分解：冷机 0.000 + DHW 0.000 + 电池 1.571 kWh − 光伏 0.000 → 净负荷 2.039 kWh。|||> [MARL层介入] ResMARL 启用，α=0.15，模式 A（安全审查之后）；当前电价 0.029 $/kWh，电池 SOC 0.00，审查后净负荷 2.039 kWh。|||> [残差生成] MARL 对电池追加放电残差 -0.005（ELE 0.80→0.80）；mask=[ELE]。|||> 最终执行：TMP 削减 (AUX) 未触发，安全放行；终稿 DHW -0.83 / ELE 0.80 / TMP 0.00",1,0.15,1,none,0,-0.00457317,0,-0.83,0.8,0,-0.83,0.795427,0
1,5,6,0,0,normal,none,23.85,23.7706,24.9259,0.0033299,0,0,0,0,0.346894,0.366223,0.385022,0.0557187,0.334834,0.109859,0.197503,0.671901,0,0,-0.83,0,0,-0.83,0.743877,0,1,1,0,3.59532,0.11298,0.252631,3.24117,C,1,1.18,1,0,正常工况；预测负荷 0.385 kWh；预测光伏 0.000 kWh；初稿 [DHW -0.83/ ELE 0.00/ TMP 0.00]；Refine 后 [DHW -0.83/ ELE 0.74/ TMP 0.00]；触发 B_high 减负荷；树搜索 cost 3.2412,"[06:00] 开始计算 Building_1 动作...|||> [本步实况] 实际上一步净用电 0.000 kWh。|||> [社区负荷] 社区实际上步净用电合计 0.000 kWh，预测下步净用电合计 9.253 kWh。|||> [预测层] ForecastAgent / XGBoost：下步室外温 24.9°C（上步预测误差 0.3%），不可调负荷 0.385 kWh（上步预测误差 5.6%），光伏 0.000 kWh（上步预测误差 0.0%），DHW 需求 0.198 kWh（上步预测误差 67.2%），粗算净负荷 偏低 (0.385 kWh，未含设备）。|||> [PID层] 需降温；PID 原始电需求 -0.233 kWh，室外 24.9°C，clip 后冷机 0.00，预测冷机电耗 0.000 kWh。|||> [RBC层] 不满足储热条件（DHW 0.198 vs 均值 0.025，SOC 0.00），释放储热，动作 -0.83，预测 DHW 电耗 0.210 kWh。|||> [电池状态] SOC 0.00，本小时下限 0.20，可用余量 -0.20（比例）。|||> [初稿] 正常工况电池初稿置 0（预测电耗 3.000 kWh），留给树搜索决定充放电。|||> [树搜索层] 输入状态 [均值 0.113, SOC 0.00, 当前净负荷 0.000, 下步净负荷 0.595]；为平抑 偏低 净负荷 (0.595 kWh)，电池充电，基准动作：0.75（搜索 cost 3.2412）。|||> [电价观测] 当前电价 0.029 $/kWh（CHESCA 规则控制未直接使用电价优化，仅作环境上下文）。|||> [安全审查] 净负荷 3.595 kWh 超过 B_high 警戒线 0.366 kWh（均值 0.113 + B_high×σ 0.366）；尝试削减 DHW/TMP。|||> [安全审查] 设备分解：冷机 0.000 + DHW 0.210 + 电池 3.000 kWh − 光伏 0.000 → 净负荷 3.595 kWh。|||> [MARL层介入] ResMARL 启用，α=0.15，模式 A（安全审查之后）；当前电价 0.029 $/kWh，电池 SOC 0.00，审查后净负荷 3.595 kWh。|||> [残差生成] MARL 对电池追加放电残差 -0.006（ELE 0.75→0.74）；mask=[ELE]。|||> 最终执行：TMP 削减 (AUX) 未触发，安全放行；终稿 DHW -0.83 / ELE 0.74 / TMP 0.00",1,0.15,1,none,0,-0.00612304,0,-0.83,0.75,0,-0.83,0.743877,0
1,5,6,1,0,normal,none,23.85,23.7706,24.9259,0.0033299,0,0,0,0,0.230875,0.272315,0.296858,0.17949,0,0.066082,0.133824,0.066082,0,0,-0.83,0,0,-0.83,0.728713,0,1,1,0,3.29686,0.0312221,0.0698148,3.13282,C,1,1.18,1,0,正常工况；预测负荷 0.297 kWh；预测光伏 0.000 kWh；初稿 [DHW -0.83/ ELE 0.00/ TMP 0.00]；Refine 后 [DHW -0.83/ ELE 0.73/ TMP 0.00]；触发 B_high 减负荷；树搜索 cost 3.1328,"[06:00] 开始计算 Building_2 动作...|||> [本步实况] 实际上一步净用电 0.000 kWh。|||> [社区负荷] 社区实际上步净用电合计 0.000 kWh，预测下步净用电合计 9.253 kWh。|||> [预测层] ForecastAgent / XGBoost：下步室外温 24.9°C（上步预测误差 0.3%），不可调负荷 0.297 kWh（上步预测误差 17.9%），光伏 0.000 kWh（上步预测误差 0.0%），DHW 需求 0.134 kWh（上步预测误差 6.6%），粗算净负荷 偏低 (0.297 kWh，未含设备）。|||> [PID层] 室温低于设定点，冷机需求有限；PID 原始电需求 -0.828 kWh，室外 24.9°C，clip 后冷机 0.00，预测冷机电耗 0.000 kWh。|||> [RBC层] 不满足储热条件（DHW 0.134 vs 均值 0.000，SOC 0.00），释放储热，动作 -0.83，预测 DHW 电耗 0.000 kWh。|||> [电池状态] SOC 0.00，本小时下限 0.20，可用余量 -0.20（比例）。|||> [初稿] 正常工况电池初稿置 0（预测电耗 3.000 kWh），留给树搜索决定充放电。|||> [树搜索层] 输入状态 [均值 0.031, SOC 0.00, 当前净负荷 0.000, 下步净负荷 0.297]；为平抑 偏低 净负荷 (0.297 kWh)，电池充电，基准动作：0.75（搜索 cost 3.1328）。|||> [电价观测] 当前电价 0.029 $/kWh（CHESCA 规则控制未直接使用电价优化，仅作环境上下文）。|||> [Refine 微调] 树搜索后对电池追加放电调整 0.02，终稿 ELE 0.73。|||> [安全审查] 净负荷 3.297 kWh 超过 B_high 警戒线 0.101 kWh（均值 0.031 + B_high×σ 0.101）；尝试削减 DHW/TMP。|||> [安全审查] 设备分解：冷机 0.000 + DHW 0.000 + 电池 3.000 kWh − 光伏 0.000 → 净负荷 3.297 kWh。|||> [MARL层介入] ResMARL 启用，α=0.15，模式 A（安全审查之后）；当前电价 0.029 $/kWh，电池 SOC 0.00，审查后净负荷 3.297 kWh。|||> [残差生成] MARL 对电池追加放电残差 -0.021（ELE 0.75→0.73）；mask=[ELE]。|||> 最终执行：TMP 削减 (AUX) 未触发，安全放行；终稿 DHW -0.83 / ELE 0.73 / TMP 0.00",1,0.15,1,none,0,-0.0212868,0,-0.83,0.75,0,-0.83,0.728713,0
1,5,6,2,0,normal,none,23.85,23.7706,24.9259,0.0033299,0,0,0,0,0.49981,0.467774,0.899263,0.0640954,0,0.066082,0.133824,0.066082,0,0,-0.83,0,0,-0.83,0.742896,0,1,1,0,2.47032,0.0938586,0.209874,2.8777,C,1,1.18,1,0,正常工况；预测负荷 0.899 kWh；预测光伏 0.000 kWh；初稿 [DHW -0.83/ ELE 0.00/ TMP 0.00]；Refine 后 [DHW -0.83/ ELE 0.74/ TMP 0.00]；触发 B_high 减负荷；树搜索 cost 2.8777,"[06:00] 开始计算 Building_3 动作...|||> [本步实况] 实际上一步净用电 0.000 kWh。|||> [社区负荷] 社区实际上步净用电合计 0.000 kWh，预测下步净用电合计 9.253 kWh。|||> [预测层] ForecastAgent / XGBoost：下步室外温 24.9°C（上步预测误差 0.3%），不可调负荷 0.899 kWh（上步预测误差 6.4%），光伏 0.000 kWh（上步预测误差 0.0%），DHW 需求 0.134 kWh（上步预测误差 6.6%），粗算净负荷 偏低 (0.899 kWh，未含设备）。|||> [PID层] 室温低于设定点，冷机需求有限；PID 原始电需求 -0.306 kWh，室外 24.9°C，clip 后冷机 0.00，预测冷机电耗 0.000 kWh。|||> [RBC层] 不满足储热条件（DHW 0.134 vs 均值 0.000，SOC 0.00），释放储热，动作 -0.83，预测 DHW 电耗 0.000 kWh。|||> [电池状态] SOC 0.00，本小时下限 0.20，可用余量 -0.20（比例）。|||> [初稿] 正常工况电池初稿置 0（预测电耗 1.571 kWh），留给树搜索决定充放电。|||> [树搜索层] 输入状态 [均值 0.094, SOC 0.00, 当前净负荷 0.000, 下步净负荷 0.899]；为平抑 偏低 净负荷 (0.899 kWh)，电池充电，基准动作：0.75（搜索 cost 2.8777）。|||> [电价观测] 当前电价 0.029 $/kWh（CHESCA 规则控制未直接使用电价优化，仅作环境上下文）。|||> [安全审查] 净负荷 2.470 kWh 超过 B_high 警戒线 0.304 kWh（均值 0.094 + B_high×σ 0.304）；尝试削减 DHW/TMP。|||> [安全审查] 设备分解：冷机 0.000 + DHW 0.000 + 电池 1.571 kWh − 光伏 0.000 → 净负荷 2.470 kWh。|||> [MARL层介入] ResMARL 启用，α=0.15，模式 A（安全审查之后）；当前电价 0.029 $/kWh，电池 SOC 0.00，审查后净负荷 2.470 kWh。|||> [残差生成] MARL 对电池追加放电残差 -0.007（ELE 0.75→0.74）；mask=[ELE]。|||> 最终执行：TMP 削减 (AUX) 未触发，安全放行；终稿 DHW -0.83 / ELE 0.74 / TMP 0.00",1,0.15,1,none,0,-0.00710444,0,-0.83,0.75,0,-0.83,0.742896,0
1,6,7,0,0,normal,none,24.98,24.9259,26.6839,0.00216528,0.0607952,0,0,1,0.408589,0.385022,0.504717,0.0576795,0.905819,0.197503,0.196064,0.781961,0,0,-0.83,0,0,-0.83,0.691601,0,1,1,0,3.51349,0.0968402,0.237209,3.10832,C,1,1.18,1,0,正常工况；预测负荷 0.505 kWh；预测光伏 0.000 kWh；初稿 [DHW -0.83/ ELE 0.00/ TMP 0.00]；Refine 后 [DHW -0.83/ ELE 0.69/ TMP 0.00]；触发 B_high 减负荷；树搜索 cost 3.1083,"[07:00] 开始计算 Building_1 动作...|||> [本步实况] 实际上一步净用电 0.000 kWh。|||> [社区负荷] 社区实际上步净用电合计 0.000 kWh，预测下步净用电合计 9.089 kWh。|||> [预测层] ForecastAgent / XGBoost：下步室外温 26.7°C（上步预测误差 0.2%），不可调负荷 0.505 kWh（上步预测误差 5.8%），光伏 0.000 kWh（上步预测误差 100.0%），DHW 需求 0.196 kWh（上步预测误差 78.2%），粗算净负荷 偏低 (0.505 kWh，未含设备）。|||> [PID层] 需降温；PID 原始电需求 -0.261 kWh，室外 26.7°C，clip 后冷机 0.00，预测冷机电耗 0.000 kWh。|||> [RBC层] 不满足储热条件（DHW 0.196 vs 均值 0.063，SOC 0.00），释放储热，动作 -0.83，预测 DHW 电耗 0.209 kWh。|||> [电池状态] SOC 0.00，本小时下限 0.20，可用余量 -0.20（比例）。|||> [初稿] 正常工况电池初稿置 0（预测电耗 2.800 kWh），留给树搜索决定充放电。|||> [树搜索层] 输入状态 [均值 0.097, SOC 0.00, 当前净负荷 0.000, 下步净负荷 0.713]；为平抑 偏低 净负荷 (0.713 kWh)，电池充电，基准动作：0.70（搜索 cost 3.1083）。|||> [电价观测] 当前电价 0.029 $/kWh（CHESCA 规则控制未直接使用电价优化，仅作环境上下文）。|||> [安全审查] 净负荷 3.513 kWh 超过 B_high 警戒线 0.334 kWh（均值 0.097 + B_high×σ 0.334）；尝试削减 DHW/TMP。|||> [安全审查] 设备分解：冷机 0.000 + DHW 0.209 + 电池 2.800 kWh − 光伏 0.000 → 净负荷 3.513 kWh。|||> [MARL层介入] ResMARL 启用，α=0.15，模式 A（安全审查之后）；当前电价 0.029 $/kWh，电池 SOC 0.00，审查后净负荷 3.513 kWh。|||> [残差生成] MARL 对电池追加放电残差 -0.008（ELE 0.70→0.69）；mask=[ELE]。|||> 最终执行：TMP 削减 (AUX) 未触发，安全放行；终稿 DHW -0.83 / ELE 0.69 / TMP 0.00",1,0.15,1,none,0,-0.00839902,0,-0.83,0.7,0,-0.83,0.691601,0
1,6,7,1,0,normal,none,24.98,24.9259,26.6839,0.00216528,0.0303976,0,0,1,0.278569,0.296858,0.375612,0.065652,0,0.133824,0.156474,0.133824,0,0,-0.83,0,0,-0.83,0.681084,0,1,1,0,3.34957,0.0267618,0.0655528,3.06141,C,1,1.18,1,0,正常工况；预测负荷 0.376 kWh；预测光伏 0.000 kWh；初稿 [DHW -0.83/ ELE 0.00/ TMP 0.00]；Refine 后 [DHW -0.83/ ELE 0.68/ TMP 0.00]；触发 B_high 减负荷；树搜索 cost 3.0614,"[07:00] 开始计算 Building_2 动作...|||> [本步实况] 实际上一步净用电 0.000 kWh。|||> [社区负荷] 社区实际上步净用电合计 0.000 kWh，预测下步净用电合计 9.089 kWh。|||> [预测层] ForecastAgent / XGBoost：下步室外温 26.7°C（上步预测误差 0.2%），不可调负荷 0.376 kWh（上步预测误差 6.6%），光伏 0.000 kWh（上步预测误差 100.0%），DHW 需求 0.156 kWh（上步预测误差 13.4%），粗算净负荷 偏低 (0.376 kWh，未含设备）。|||> [PID层] 室温低于设定点，冷机需求有限；PID 原始电需求 -1.017 kWh，室外 26.7°C，clip 后冷机 0.00，预测冷机电耗 0.000 kWh。|||> [RBC层] 不满足储热条件（DHW 0.156 vs 均值 0.000，SOC 0.00），释放储热，动作 -0.83，预测 DHW 电耗 0.174 kWh。|||> [电池状态] SOC 0.00，本小时下限 0.20，可用余量 -0.20（比例）。|||> [初稿] 正常工况电池初稿置 0（预测电耗 2.800 kWh），留给树搜索决定充放电。|||> [树搜索层] 输入状态 [均值 0.027, SOC 0.00, 当前净负荷 0.000, 下步净负荷 0.550]；为平抑 偏低 净负荷 (0.550 kWh)，电池充电，基准动作：0.70（搜索 cost 3.0614）。|||> [电价观测] 当前电价 0.029 $/kWh（CHESCA 规则控制未直接使用电价优化，仅作环境上下文）。|||> [Refine 微调] 树搜索后对电池追加放电调整 0.02，终稿 ELE 0.68。|||> [安全审查] 净负荷 3.350 kWh 超过 B_high 警戒线 0.092 kWh（均值 0.027 + B_high×σ 0.092）；尝试削减 DHW/TMP。|||> [安全审查] 设备分解：冷机 0.000 + DHW 0.174 + 电池 2.800 kWh − 光伏 0.000 → 净负荷 3.350 kWh。|||> [MARL层介入] ResMARL 启用，α=0.15，模式 A（安全审查之后）；当前电价 0.029 $/kWh，电池 SOC 0.00，审查后净负荷 3.350 kWh。|||> [残差生成] MARL 对电池追加放电残差 -0.019（ELE 0.70→0.68）；mask=[ELE]。|||> 最终执行：TMP 削减 (AUX) 未触发，安全放行；终稿 DHW -0.83 / ELE 0.68 / TMP 0.00",1,0.15,1,none,0,-0.0189165,0,-0.83,0.7,0,-0.83,0.681084,0
1,6,7,2,0,normal,none,24.98,24.9259,26.6839,0.00216528,0.0607952,0,0,1,0.663733,0.899263,0.76387,0.354856,0.256603,0.133824,0.133552,0.478478,0,0,-0.83,0,0,-0.83,0.689893,0,1,1,0,2.33493,0.0804502,0.197062,2.65171,C,1,1.18,1,0,正常工况；预测负荷 0.764 kWh；预测光伏 0.000 kWh；初稿 [DHW -0.83/ ELE 0.00/ TMP 0.00]；Refine 后 [DHW -0.83/ ELE 0.69/ TMP 0.00]；触发 B_high 减负荷；树搜索 cost 2.6517,"[07:00] 开始计算 Building_3 动作...|||> [本步实况] 实际上一步净用电 0.000 kWh。|||> [社区负荷] 社区实际上步净用电合计 0.000 kWh，预测下步净用电合计 9.089 kWh。|||> [预测层] ForecastAgent / XGBoost：下步室外温 26.7°C（上步预测误差 0.2%），不可调负荷 0.764 kWh（上步预测误差 35.5%），光伏 0.000 kWh（上步预测误差 100.0%），DHW 需求 0.134 kWh（上步预测误差 47.8%），粗算净负荷 偏低 (0.764 kWh，未含设备）。|||> [PID层] 需降温；PID 原始电需求 -0.310 kWh，室外 26.7°C，clip 后冷机 0.00，预测冷机电耗 0.000 kWh。|||> [RBC层] 不满足储热条件（DHW 0.134 vs 均值 0.011，SOC 0.00），释放储热，动作 -0.83，预测 DHW 电耗 0.000 kWh。|||> [电池状态] SOC 0.00，本小时下限 0.20，可用余量 -0.20（比例）。|||> [初稿] 正常工况电池初稿置 0（预测电耗 1.571 kWh），留给树搜索决定充放电。|||> [树搜索层] 输入状态 [均值 0.080, SOC 0.00, 当前净负荷 0.000, 下步净负荷 0.764]；为平抑 偏低 净负荷 (0.764 kWh)，电池充电，基准动作：0.70（搜索 cost 2.6517）。|||> [电价观测] 当前电价 0.029 $/kWh（CHESCA 规则控制未直接使用电价优化，仅作环境上下文）。|||> [Refine 微调] 树搜索后对电池追加放电调整 0.01，终稿 ELE 0.69。|||> [安全审查] 净负荷 2.335 kWh 超过 B_high 警戒线 0.278 kWh（均值 0.080 + B_high×σ 0.278）；尝试削减 DHW/TMP。|||> [安全审查] 设备分解：冷机 0.000 + DHW 0.000 + 电池 1.571 kWh − 光伏 0.000 → 净负荷 2.335 kWh。|||> [MARL层介入] ResMARL 启用，α=0.15，模式 A（安全审查之后）；当前电价 0.029 $/kWh，电池 SOC 0.00，审查后净负荷 2.335 kWh。|||> [残差生成] MARL 对电池追加放电残差 -0.010（ELE 0.70→0.69）；mask=[ELE]。|||> 最终执行：TMP 削减 (AUX) 未触发，安全放行；终稿 DHW -0.83 / ELE 0.69 / TMP 0.00",1,0.15,1,none,0,-0.0101075,0,-0.83,0.7,0,-0.83,0.689893,0
1,7,8,0,0,normal,none,26.94,26.6839,29.2223,0.00950679,0.219126,0,0,1,0.402513,0.504717,0.490992,0.253915,0,0.196064,0.25032,0.196064,0,0,-0.83,0,0,-0.83,0.589153,0,1,1,0,3.15753,0.0847352,0.224188,2.7364,C,1,1.18,1,0,正常工况；预测负荷 0.491 kWh；预测光伏 0.000 kWh；初稿 [DHW -0.83/ ELE 0.00/ TMP 0.00]；Refine 后 [DHW -0.83/ ELE 0.59/ TMP 0.00]；触发 B_high 减负荷；树搜索 cost 2.7364,"[08:00] 开始计算 Building_1 动作...|||> [本步实况] 实际上一步净用电 0.000 kWh。|||> [社区负荷] 社区实际上步净用电合计 0.000 kWh，预测下步净用电合计 8.901 kWh。|||> [预测层] ForecastAgent / XGBoost：下步室外温 29.2°C（上步预测误差 1.0%），不可调负荷 0.491 kWh（上步预测误差 25.4%），光伏 0.000 kWh（上步预测误差 100.0%），DHW 需求 0.250 kWh（上步预测误差 19.6%），粗算净负荷 偏低 (0.491 kWh，未含设备）。|||> [PID层] 室温低于设定点，冷机需求有限；PID 原始电需求 -0.290 kWh，室外 29.2°C，clip 后冷机 0.00，预测冷机电耗 0.000 kWh。|||> [RBC层] 不满足储热条件（DHW 0.250 vs 均值 0.063，SOC 0.00），释放储热，动作 -0.83，预测 DHW 电耗 0.267 kWh。|||> [电池状态] SOC 0.00，本小时下限 0.20，可用余量 -0.20（比例）。|||> [初稿] 正常工况电池初稿置 0（预测电耗 2.400 kWh），留给树搜索决定充放电。|||> [树搜索层] 输入状态 [均值 0.085, SOC 0.00, 当前净负荷 0.000, 下步净负荷 0.758]；为平抑 偏低 净负荷 (0.758 kWh)，电池充电，基准动作：0.60（搜索 cost 2.7364）。|||> [电价观测] 当前电价 0.029 $/kWh（CHESCA 规则控制未直接使用电价优化，仅作环境上下文）。|||> [Refine 微调] 树搜索后对电池追加放电调整 0.01，终稿 ELE 0.59。|||> [安全审查] 净负荷 3.158 kWh 超过 B_high 警戒线 0.309 kWh（均值 0.085 + B_high×σ 0.309）；尝试削减 DHW/TMP。|||> [安全审查] 设备分解：冷机 0.000 + DHW 0.267 + 电池 2.400 kWh − 光伏 0.000 → 净负荷 3.158 kWh。|||> [MARL层介入] ResMARL 启用，α=0.15，模式 A（安全审查之后）；当前电价 0.029 $/kWh，电池 SOC 0.00，审查后净负荷 3.158 kWh。|||> [残差生成] MARL 对电池追加放电残差 -0.011（ELE 0.60→0.59）；mask=[ELE]。|||> 最终执行：TMP 削减 (AUX) 未触发，安全放行；终稿 DHW -0.83 / ELE 0.59 / TMP 0.00",1,0.15,1,none,0,-0.0108469,0,-0.83,0.6,0,-0.83,0.589153,0
1,7,8,1,0,normal,none,26.94,26.6839,29.2223,0.00950679,0.109563,0,0,1,0.454777,0.375612,0.558583,0.174076,0,0.156474,0.228366,0.156474,0,0,-0.83,0,0,-0.83,0.583677,0,1,1,0,3.21247,0.0234166,0.0619545,2.79453,C,1,1.18,1,0,正常工况；预测负荷 0.559 kWh；预测光伏 0.000 kWh；初稿 [DHW -0.83/ ELE 0.00/ TMP 0.00]；Refine 后 [DHW -0.83/ ELE 0.58/ TMP 0.00]；触发 B_high 减负荷；树搜索 cost 2.7945,"[08:00] 开始计算 Building_2 动作...|||> [本步实况] 实际上一步净用电 0.000 kWh。|||> [社区负荷] 社区实际上步净用电合计 0.000 kWh，预测下步净用电合计 8.901 kWh。|||> [预测层] ForecastAgent / XGBoost：下步室外温 29.2°C（上步预测误差 1.0%），不可调负荷 0.559 kWh（上步预测误差 17.4%），光伏 0.000 kWh（上步预测误差 100.0%），DHW 需求 0.228 kWh（上步预测误差 15.6%），粗算净负荷 偏低 (0.559 kWh，未含设备）。|||> [PID层] 室温低于设定点，冷机需求有限；PID 原始电需求 -1.003 kWh，室外 29.2°C，clip 后冷机 0.00，预测冷机电耗 0.000 kWh。|||> [RBC层] 不满足储热条件（DHW 0.228 vs 均值 0.000，SOC 0.00），释放储热，动作 -0.83，预测 DHW 电耗 0.254 kWh。|||> [电池状态] SOC 0.00，本小时下限 0.20，可用余量 -0.20（比例）。|||> [初稿] 正常工况电池初稿置 0（预测电耗 2.400 kWh），留给树搜索决定充放电。|||> [树搜索层] 输入状态 [均值 0.023, SOC 0.00, 当前净负荷 0.000, 下步净负荷 0.812]；为平抑 偏低 净负荷 (0.812 kWh)，电池充电，基准动作：0.60（搜索 cost 2.7945）。|||> [电价观测] 当前电价 0.029 $/kWh（CHESCA 规则控制未直接使用电价优化，仅作环境上下文）。|||> [Refine 微调] 树搜索后对电池追加放电调整 0.02，终稿 ELE 0.58。|||> [安全审查] 净负荷 3.212 kWh 超过 B_high 警戒线 0.085 kWh（均值 0.023 + B_high×σ 0.085）；尝试削减 DHW/TMP。|||> [安全审查] 设备分解：冷机 0.000 + DHW 0.254 + 电池 2.400 kWh − 光伏 0.000 → 净负荷 3.212 kWh。|||> [MARL层介入] ResMARL 启用，α=0.15，模式 A（安全审查之后）；当前电价 0.029 $/kWh，电池 SOC 0.00，审查后净负荷 3.212 kWh。|||> [残差生成] MARL 对电池追加放电残差 -0.016（ELE 0.60→0.58）；mask=[ELE]。|||> 最终执行：TMP 削减 (AUX) 未触发，安全放行；终稿 DHW -0.83 / ELE 0.58 / TMP 0.00",1,0.15,1,none,0,-0.0163233,0,-0.83,0.6,0,-0.83,0.583677,0
1,7,8,2,0,normal,none,26.94,26.6839,29.2223,0.00950679,0.219126,0,0,1,0.816432,0.76387,0.816251,0.0643799,0,0.133552,0.228366,0.133552,0,0,-0.83,0,0,-0.83,0.586389,0,1,1,0,2.63985,0.0703939,0.186245,2.4792,C,1,1.18,1,0,正常工况；预测负荷 0.816 kWh；预测光伏 0.000 kWh；初稿 [DHW -0.83/ ELE 0.00/ TMP 0.00]；Refine 后 [DHW -0.83/ ELE 0.59/ TMP 0.00]；触发 B_high 减负荷；树搜索 cost 2.4792,"[08:00] 开始计算 Building_3 动作...|||> [本步实况] 实际上一步净用电 0.000 kWh。|||> [社区负荷] 社区实际上步净用电合计 0.000 kWh，预测下步净用电合计 8.901 kWh。|||> [预测层] ForecastAgent / XGBoost：下步室外温 29.2°C（上步预测误差 1.0%），不可调负荷 0.816 kWh（上步预测误差 6.4%），光伏 0.000 kWh（上步预测误差 100.0%），DHW 需求 0.228 kWh（上步预测误差 13.4%），粗算净负荷 偏低 (0.816 kWh，未含设备）。|||> [PID层] 需降温；PID 原始电需求 -0.317 kWh，室外 29.2°C，clip 后冷机 0.00，预测冷机电耗 0.000 kWh。|||> [RBC层] 不满足储热条件（DHW 0.228 vs 均值 0.011，SOC 0.00），释放储热，动作 -0.83，预测 DHW 电耗 0.253 kWh。|||> [电池状态] SOC 0.00，本小时下限 0.20，可用余量 -0.20（比例）。|||> [初稿] 正常工况电池初稿置 0（预测电耗 1.571 kWh），留给树搜索决定充放电。|||> [树搜索层] 输入状态 [均值 0.070, SOC 0.00, 当前净负荷 0.000, 下步净负荷 1.069]；为平抑 偏低 净负荷 (1.069 kWh)，电池充电，基准动作：0.60（搜索 cost 2.4792）。|||> [电价观测] 当前电价 0.029 $/kWh（CHESCA 规则控制未直接使用电价优化，仅作环境上下文）。|||> [Refine 微调] 树搜索后对电池追加放电调整 0.01，终稿 ELE 0.59。|||> [安全审查] 净负荷 2.640 kWh 超过 B_high 警戒线 0.257 kWh（均值 0.070 + B_high×σ 0.257）；尝试削减 DHW/TMP。|||> [安全审查] 设备分解：冷机 0.000 + DHW 0.253 + 电池 1.571 kWh − 光伏 0.000 → 净负荷 2.640 kWh。|||> [MARL层介入] ResMARL 启用，α=0.15，模式 A（安全审查之后）；当前电价 0.029 $/kWh，电池 SOC 0.00，审查后净负荷 2.640 kWh。|||> [残差生成] MARL 对电池追加放电残差 -0.014（ELE 0.60→0.59）；mask=[ELE]。|||> 最终执行：TMP 削减 (AUX) 未触发，安全放行；终稿 DHW -0.83 / ELE 0.59 / TMP 0.00",1,0.15,1,none,0,-0.0136107,0,-0.83,0.6,0,-0.83,0.586389,0
1,8,9,0,0,normal,none,29.3,29.2223,31.0232,0.00265271,0.53274,0,0,1,0.45281,0.490992,0.533555,0.0843216,3.31502,0.25032,0.344971,0.924489,0,0,-0.83,0,0,-0.83,0.486372,0,1,1,0,2.90088,0.0753202,0.213038,2.41278,C,1,1.18,1,0,正常工况；预测负荷 0.534 kWh；预测光伏 0.000 kWh；初稿 [DHW -0.83/ ELE 0.00/ TMP 0.00]；Refine 后 [DHW -0.83/ ELE 0.49/ TMP 0.00]；触发 B_high 减负荷；树搜索 cost 2.4128,"[09:00] 开始计算 Building_1 动作...|||> [本步实况] 实际上一步净用电 0.000 kWh。|||> [社区负荷] 社区实际上步净用电合计 0.000 kWh，预测下步净用电合计 9.428 kWh。|||> [预测层] ForecastAgent / XGBoost：下步室外温 31.0°C（上步预测误差 0.3%），不可调负荷 0.534 kWh（上步预测误差 8.4%），光伏 0.000 kWh（上步预测误差 100.0%），DHW 需求 0.345 kWh（上步预测误差 92.4%），粗算净负荷 偏低 (0.534 kWh，未含设备）。|||> [PID层] 室温低于设定点，冷机需求有限；PID 原始电需求 -0.322 kWh，室外 31.0°C，clip 后冷机 0.00，预测冷机电耗 0.000 kWh。|||> [RBC层] 不满足储热条件（DHW 0.345 vs 均值 0.201，SOC 0.00），释放储热，动作 -0.83，预测 DHW 电耗 0.367 kWh。|||> [电池状态] SOC 0.00，本小时下限 0.20，可用余量 -0.20（比例）。|||> [初稿] 正常工况电池初稿置 0（预测电耗 2.000 kWh），留给树搜索决定充放电。|||> [树搜索层] 输入状态 [均值 0.075, SOC 0.00, 当前净负荷 0.000, 下步净负荷 0.901]；为平抑 偏低 净负荷 (0.901 kWh)，电池充电，基准动作：0.50（搜索 cost 2.4128）。|||> [电价观测] 当前电价 0.029 $/kWh（CHESCA 规则控制未直接使用电价优化，仅作环境上下文）。|||> [Refine 微调] 树搜索后对电池追加放电调整 0.01，终稿 ELE 0.49。|||> [安全审查] 净负荷 2.901 kWh 超过 B_high 警戒线 0.288 kWh（均值 0.075 + B_high×σ 0.288）；尝试削减 DHW/TMP。|||> [安全审查] 设备分解：冷机 0.000 + DHW 0.367 + 电池 2.000 kWh − 光伏 0.000 → 净负荷 2.901 kWh。|||> [MARL层介入] ResMARL 启用，α=0.15，模式 A（安全审查之后）；当前电价 0.029 $/kWh，电池 SOC 0.00，审查后净负荷 2.901 kWh。|||> [残差生成] MARL 对电池追加放电残差 -0.014（ELE 0.50→0.49）；mask=[ELE]。|||> 最终执行：TMP 削减 (AUX) 未触发，安全放行；终稿 DHW -0.83 / ELE 0.49 / TMP 0.00",1,0.15,1,none,0,-0.0136281,0,-0.83,0.5,0,-0.83,0.486372,0
1,8,9,1,0,normal,none,29.3,29.2223,31.0232,0.00265271,0.26637,0,0,1,0.620601,0.558583,0.776549,0.099932,1.31296,0.228366,0.316029,0.826069,0,0,-0.83,0,0,-0.83,0.486083,0,1,1,0,3.1279,0.0208148,0.058873,2.55354,C,1,1.18,1,0,正常工况；预测负荷 0.777 kWh；预测光伏 0.000 kWh；初稿 [DHW -0.83/ ELE 0.00/ TMP 0.00]；Refine 后 [DHW -0.83/ ELE 0.49/ TMP 0.00]；触发 B_high 减负荷；树搜索 cost 2.5535,"[09:00] 开始计算 Building_2 动作...|||> [本步实况] 实际上一步净用电 0.000 kWh。|||> [社区负荷] 社区实际上步净用电合计 0.000 kWh，预测下步净用电合计 9.428 kWh。|||> [预测层] ForecastAgent / XGBoost：下步室外温 31.0°C（上步预测误差 0.3%），不可调负荷 0.777 kWh（上步预测误差 10.0%），光伏 0.000 kWh（上步预测误差 100.0%），DHW 需求 0.316 kWh（上步预测误差 82.6%），粗算净负荷 偏低 (0.777 kWh，未含设备）。|||> [PID层] 室温低于设定点，冷机需求有限；PID 原始电需求 -0.965 kWh，室外 31.0°C，clip 后冷机 0.00，预测冷机电耗 0.000 kWh。|||> [RBC层] 不满足储热条件（DHW 0.316 vs 均值 0.055，SOC 0.00），释放储热，动作 -0.83，预测 DHW 电耗 0.351 kWh。|||> [电池状态] SOC 0.00，本小时下限 0.20，可用余量 -0.20（比例）。|||> [初稿] 正常工况电池初稿置 0（预测电耗 2.000 kWh），留给树搜索决定充放电。|||> [树搜索层] 输入状态 [均值 0.021, SOC 0.00, 当前净负荷 0.000, 下步净负荷 1.128]；为平抑 偏低 净负荷 (1.128 kWh)，电池充电，基准动作：0.50（搜索 cost 2.5535）。|||> [电价观测] 当前电价 0.029 $/kWh（CHESCA 规则控制未直接使用电价优化，仅作环境上下文）。|||> [Refine 微调] 树搜索后对电池追加放电调整 0.01，终稿 ELE 0.49。|||> [安全审查] 净负荷 3.128 kWh 超过 B_high 警戒线 0.080 kWh（均值 0.021 + B_high×σ 0.080）；尝试削减 DHW/TMP。|||> [安全审查] 设备分解：冷机 0.000 + DHW 0.351 + 电池 2.000 kWh − 光伏 0.000 → 净负荷 3.128 kWh。|||> [MARL层介入] ResMARL 启用，α=0.15，模式 A（安全审查之后）；当前电价 0.029 $/kWh，电池 SOC 0.00，审查后净负荷 3.128 kWh。|||> [残差生成] MARL 对电池追加放电残差 -0.014（ELE 0.50→0.49）；mask=[ELE]。|||> 最终执行：TMP 削减 (AUX) 未触发，安全放行；终稿 DHW -0.83 / ELE 0.49 / TMP 0.00",1,0.15,1,none,0,-0.0139172,0,-0.83,0.5,0,-0.83,0.486083,0
1,8,9,2,0,normal,none,29.3,29.2223,31.0232,0.00265271,0.53274,0,0,1,1.01148,0.816251,1.43221,0.193015,0.869236,0.228366,0.458031,0.73728,0,0,-0.83,0,0,-0.83,0.482835,0,1,1,0,3.50979,0.0625724,0.176981,2.58808,C,1,1.18,1,0,正常工况；预测负荷 1.432 kWh；预测光伏 0.000 kWh；初稿 [DHW -0.83/ ELE 0.00/ TMP 0.00]；Refine 后 [DHW -0.83/ ELE 0.48/ TMP 0.00]；触发 B_high 减负荷；树搜索 cost 2.5881,"[09:00] 开始计算 Building_3 动作...|||> [本步实况] 实际上一步净用电 0.000 kWh。|||> [社区负荷] 社区实际上步净用电合计 0.000 kWh，预测下步净用电合计 9.428 kWh。|||> [预测层] ForecastAgent / XGBoost：下步室外温 31.0°C（上步预测误差 0.3%），不可调负荷 1.432 kWh（上步预测误差 19.3%），光伏 0.000 kWh（上步预测误差 100.0%），DHW 需求 0.458 kWh（上步预测误差 73.7%），粗算净负荷 偏低 (1.432 kWh，未含设备）。|||> [PID层] 需降温；PID 原始电需求 -0.348 kWh，室外 31.0°C，clip 后冷机 0.00，预测冷机电耗 0.000 kWh。|||> [RBC层] 不满足储热条件（DHW 0.458 vs 均值 0.047，SOC 0.00），释放储热，动作 -0.83，预测 DHW 电耗 0.507 kWh。|||> [电池状态] SOC 0.00，本小时下限 0.20，可用余量 -0.20（比例）。|||> [初稿] 正常工况电池初稿置 0（预测电耗 1.571 kWh），留给树搜索决定充放电。|||> [树搜索层] 输入状态 [均值 0.063, SOC 0.00, 当前净负荷 0.000, 下步净负荷 1.939]；为平抑 偏低 净负荷 (1.939 kWh)，电池充电，基准动作：0.50（搜索 cost 2.5881）。|||> [电价观测] 当前电价 0.029 $/kWh（CHESCA 规则控制未直接使用电价优化，仅作环境上下文）。|||> [Refine 微调] 树搜索后对电池追加放电调整 0.02，终稿 ELE 0.48。|||> [安全审查] 净负荷 3.510 kWh 超过 B_high 警戒线 0.240 kWh（均值 0.063 + B_high×σ 0.240）；尝试削减 DHW/TMP。|||> [安全审查] 设备分解：冷机 0.000 + DHW 0.507 + 电池 1.571 kWh − 光伏 0.000 → 净负荷 3.510 kWh。|||> [MARL层介入] ResMARL 启用，α=0.15，模式 A（安全审查之后）；当前电价 0.029 $/kWh，电池 SOC 0.00，审查后净负荷 3.510 kWh。|||> [残差生成] MARL 对电池追加放电残差 -0.017（ELE 0.50→0.48）；mask=[ELE]。|||> 最终执行：TMP 削减 (AUX) 未触发，安全放行；终稿 DHW -0.83 / ELE 0.48 / TMP 0.00",1,0.15,1,none,0,-0.0171652,0,-0.83,0.5,0,-0.83,0.482835,0
1,9,10,0,0,normal,none,31.66,31.0232,33.6396,0.0201133,0.963946,0,0,1,0.400676,0.533555,0.628787,0.331638,0.215396,0.344971,0.173529,0.60157,0,0,0.2,0,0,-1,0.583151,0,1,1,0,3.69968,0.0677881,0.203364,3.01594,C,1,1.18,1,0,正常工况；预测负荷 0.629 kWh；预测光伏 0.000 kWh；初稿 [DHW 0.20/ ELE 0.00/ TMP 0.00]；Refine 后 [DHW -1.00/ ELE 0.58/ TMP 0.00]；触发 B_high 减负荷；树搜索 cost 3.0159,"[10:00] 开始计算 Building_1 动作...|||> [本步实况] 实际上一步净用电 0.000 kWh。|||> [社区负荷] 社区实际上步净用电合计 0.000 kWh，预测下步净用电合计 9.643 kWh。|||> [预测层] ForecastAgent / XGBoost：下步室外温 33.6°C（上步预测误差 2.0%），不可调负荷 0.629 kWh（上步预测误差 33.2%），光伏 0.000 kWh（上步预测误差 100.0%），DHW 需求 0.174 kWh（上步预测误差 60.2%），粗算净负荷 偏低 (0.629 kWh，未含设备）。|||> [PID层] 室温低于设定点，冷机需求有限；PID 原始电需求 -0.379 kWh，室外 33.6°C，clip 后冷机 0.00，预测冷机电耗 0.000 kWh。|||> [RBC层] 判据：预测 DHW 0.174 kWh < 24h 均值 0.210 kWh 且 SOC 0.00 < 0.9 → 启动储热，动作 0.20，预测 DHW 电耗 0.671 kWh。|||> [电池状态] SOC 0.00，本小时下限 0.20，可用余量 -0.20（比例）。|||> [初稿] 正常工况电池初稿置 0（预测电耗 2.400 kWh），留给树搜索决定充放电。|||> [树搜索层] 输入状态 [均值 0.068, SOC 0.00, 当前净负荷 0.000, 下步净负荷 1.300]；为平抑 偏低 净负荷 (1.300 kWh)，电池充电，基准动作：0.60（搜索 cost 3.0159）。|||> [电价观测] 当前电价 0.029 $/kWh（CHESCA 规则控制未直接使用电价优化，仅作环境上下文）。|||> [Refine 微调] 树搜索后对电池追加放电调整 0.02，终稿 ELE 0.58。|||> [安全审查] 净负荷 3.700 kWh 超过 B_high 警戒线 0.271 kWh（均值 0.068 + B_high×σ 0.271）；DHW 0.20→-1.00。|||> [安全审查] 设备分解：冷机 0.000 + DHW 0.185 + 电池 2.400 kWh − 光伏 0.000 → 净负荷 3.700 kWh。|||> [MARL层介入] ResMARL 启用，α=0.15，模式 A（安全审查之后）；当前电价 0.029 $/kWh，电池 SOC 0.00，审查后净负荷 3.700 kWh。|||> [残差生成] MARL 对电池追加放电残差 -0.017（ELE 0.60→0.58）；mask=[ELE]。|||> 最终执行：TMP 削减 (AUX) 未触发，安全放行；终稿 DHW -1.00 / ELE 0.58 / TMP 0.00",1,0.15,1,none,0,-0.0168488,0,-1,0.6,0,-1,0.583151,0
1,9,10,1,0,normal,none,31.66,31.0232,33.6396,0.0201133,0.481973,0,0,1,0.79678,0.776549,0.788896,0.0253911,0,0.316029,0.117285,0.316029,0,0,-0.83,0,0,-0.83,0.586789,0,1,1,0,3.1889,0.0187333,0.0561999,2.78508,C,1,1.18,1,0,正常工况；预测负荷 0.789 kWh；预测光伏 0.000 kWh；初稿 [DHW -0.83/ ELE 0.00/ TMP 0.00]；Refine 后 [DHW -0.83/ ELE 0.59/ TMP 0.00]；触发 B_high 减负荷；树搜索 cost 2.7851,"[10:00] 开始计算 Building_2 动作...|||> [本步实况] 实际上一步净用电 0.000 kWh。|||> [社区负荷] 社区实际上步净用电合计 0.000 kWh，预测下步净用电合计 9.643 kWh。|||> [预测层] ForecastAgent / XGBoost：下步室外温 33.6°C（上步预测误差 2.0%），不可调负荷 0.789 kWh（上步预测误差 2.5%），光伏 0.000 kWh（上步预测误差 100.0%），DHW 需求 0.117 kWh（上步预测误差 31.6%），粗算净负荷 偏低 (0.789 kWh，未含设备）。|||> [PID层] 室温低于设定点，冷机需求有限；PID 原始电需求 -0.980 kWh，室外 33.6°C，clip 后冷机 0.00，预测冷机电耗 0.000 kWh。|||> [RBC层] 不满足储热条件（DHW 0.117 vs 均值 0.055，SOC 0.00），释放储热，动作 -0.83，预测 DHW 电耗 0.000 kWh。|||> [电池状态] SOC 0.00，本小时下限 0.20，可用余量 -0.20（比例）。|||> [初稿] 正常工况电池初稿置 0（预测电耗 2.400 kWh），留给树搜索决定充放电。|||> [树搜索层] 输入状态 [均值 0.019, SOC 0.00, 当前净负荷 0.000, 下步净负荷 0.789]；为平抑 偏低 净负荷 (0.789 kWh)，电池充电，基准动作：0.60（搜索 cost 2.7851）。|||> [电价观测] 当前电价 0.029 $/kWh（CHESCA 规则控制未直接使用电价优化，仅作环境上下文）。|||> [Refine 微调] 树搜索后对电池追加放电调整 0.01，终稿 ELE 0.59。|||> [安全审查] 净负荷 3.189 kWh 超过 B_high 警戒线 0.075 kWh（均值 0.019 + B_high×σ 0.075）；尝试削减 DHW/TMP。|||> [安全审查] 设备分解：冷机 0.000 + DHW 0.000 + 电池 2.400 kWh − 光伏 0.000 → 净负荷 3.189 kWh。|||> [MARL层介入] ResMARL 启用，α=0.15，模式 A（安全审查之后）；当前电价 0.029 $/kWh，电池 SOC 0.00，审查后净负荷 3.189 kWh。|||> [残差生成] MARL 对电池追加放电残差 -0.013（ELE 0.60→0.59）；mask=[ELE]。|||> 最终执行：TMP 削减 (AUX) 未触发，安全放行；终稿 DHW -0.83 / ELE 0.59 / TMP 0.00",1,0.15,1,none,0,-0.0132113,0,-0.83,0.6,0,-0.83,0.586789,0
1,9,10,2,0,normal,none,31.66,31.0232,33.6396,0.0201133,0.963946,0,0,1,1.17992,1.43221,1.3518,0.213819,0.84999,0.458031,0.396167,0.461133,0,0,-0.83,0,0,-0.83,0.578485,0,1,1,0,3.36096,0.0563151,0.168945,2.84679,C,1,1.18,1,0,正常工况；预测负荷 1.352 kWh；预测光伏 0.000 kWh；初稿 [DHW -0.83/ ELE 0.00/ TMP 0.00]；Refine 后 [DHW -0.83/ ELE 0.58/ TMP 0.00]；触发 B_high 减负荷；树搜索 cost 2.8468,"[10:00] 开始计算 Building_3 动作...|||> [本步实况] 实际上一步净用电 0.000 kWh。|||> [社区负荷] 社区实际上步净用电合计 0.000 kWh，预测下步净用电合计 9.643 kWh。|||> [预测层] ForecastAgent / XGBoost：下步室外温 33.6°C（上步预测误差 2.0%），不可调负荷 1.352 kWh（上步预测误差 21.4%），光伏 0.000 kWh（上步预测误差 100.0%），DHW 需求 0.396 kWh（上步预测误差 46.1%），粗算净负荷 偏低 (1.352 kWh，未含设备）。|||> [PID层] 需降温；PID 原始电需求 -0.378 kWh，室外 33.6°C，clip 后冷机 0.00，预测冷机电耗 0.000 kWh。|||> [RBC层] 不满足储热条件（DHW 0.396 vs 均值 0.082，SOC 0.00），释放储热，动作 -0.83，预测 DHW 电耗 0.438 kWh。|||> [电池状态] SOC 0.00，本小时下限 0.20，可用余量 -0.20（比例）。|||> [初稿] 正常工况电池初稿置 0（预测电耗 1.571 kWh），留给树搜索决定充放电。|||> [树搜索层] 输入状态 [均值 0.056, SOC 0.00, 当前净负荷 0.000, 下步净负荷 1.790]；为平抑 偏低 净负荷 (1.790 kWh)，电池充电，基准动作：0.60（搜索 cost 2.8468）。|||> [电价观测] 当前电价 0.029 $/kWh（CHESCA 规则控制未直接使用电价优化，仅作环境上下文）。|||> [Refine 微调] 树搜索后对电池追加放电调整 0.02，终稿 ELE 0.58。|||> [安全审查] 净负荷 3.361 kWh 超过 B_high 警戒线 0.225 kWh（均值 0.056 + B_high×σ 0.225）；尝试削减 DHW/TMP。|||> [安全审查] 设备分解：冷机 0.000 + DHW 0.438 + 电池 1.571 kWh − 光伏 0.000 → 净负荷 3.361 kWh。|||> [MARL层介入] ResMARL 启用，α=0.15，模式 A（安全审查之后）；当前电价 0.029 $/kWh，电池 SOC 0.00，审查后净负荷 3.361 kWh。|||> [残差生成] MARL 对电池追加放电残差 -0.022（ELE 0.60→0.58）；mask=[ELE]。|||> 最终执行：TMP 削减 (AUX) 未触发，安全放行；终稿 DHW -0.83 / ELE 0.58 / TMP 0.00",1,0.15,1,none,0,-0.0215145,0,-0.83,0.6,0,-0.83,0.578485,0
1,10,11,0,0,normal,none,33.87,33.6396,35.2012,0.00680327,1.35578,0,0,1,0.398331,0.628787,0.695801,0.578554,0,0.173529,0.117651,0.173529,0,0,0.2,0,0,-1,0.629857,0,1,1,0,3.78192,0.0616256,0.194877,3.16015,C,1,1.18,1,0,正常工况；预测负荷 0.696 kWh；预测光伏 0.000 kWh；初稿 [DHW 0.20/ ELE 0.00/ TMP 0.00]；Refine 后 [DHW -1.00/ ELE 0.63/ TMP 0.00]；触发 B_high 减负荷；树搜索 cost 3.1601,"[11:00] 开始计算 Building_1 动作...|||> [本步实况] 实际上一步净用电 0.000 kWh。|||> [社区负荷] 社区实际上步净用电合计 0.000 kWh，预测下步净用电合计 9.701 kWh。|||> [预测层] ForecastAgent / XGBoost：下步室外温 35.2°C（上步预测误差 0.7%），不可调负荷 0.696 kWh（上步预测误差 57.9%），光伏 0.000 kWh（上步预测误差 100.0%），DHW 需求 0.118 kWh（上步预测误差 17.4%），粗算净负荷 偏低 (0.696 kWh，未含设备）。|||> [PID层] 室温低于设定点，冷机需求有限；PID 原始电需求 -0.417 kWh，室外 35.2°C，clip 后冷机 0.00，预测冷机电耗 0.000 kWh。|||> [RBC层] 判据：预测 DHW 0.118 kWh < 24h 均值 0.210 kWh 且 SOC 0.00 < 0.9 → 启动储热，动作 0.20，预测 DHW 电耗 0.486 kWh。|||> [电池状态] SOC 0.00，本小时下限 0.20，可用余量 -0.20（比例）。|||> [初稿] 正常工况电池初稿置 0（预测电耗 2.600 kWh），留给树搜索决定充放电。|||> [树搜索层] 输入状态 [均值 0.062, SOC 0.00, 当前净负荷 0.000, 下步净负荷 1.182]；为平抑 偏低 净负荷 (1.182 kWh)，电池充电，基准动作：0.65（搜索 cost 3.1601）。|||> [电价观测] 当前电价 0.029 $/kWh（CHESCA 规则控制未直接使用电价优化，仅作环境上下文）。|||> [Refine 微调] 树搜索后对电池追加放电调整 0.02，终稿 ELE 0.63。|||> [安全审查] 净负荷 3.782 kWh 超过 B_high 警戒线 0.257 kWh（均值 0.062 + B_high×σ 0.257）；DHW 0.20→-1.00。|||> [安全审查] 设备分解：冷机 0.000 + DHW 0.486 + 电池 2.600 kWh − 光伏 0.000 → 净负荷 3.782 kWh。|||> [MARL层介入] ResMARL 启用，α=0.15，模式 A（安全审查之后）；当前电价 0.029 $/kWh，电池 SOC 0.00，审查后净负荷 3.782 kWh。|||> [残差生成] MARL 对电池追加放电残差 -0.020（ELE 0.65→0.63）；mask=[ELE]。|||> 最终执行：TMP 削减 (AUX) 未触发，安全放行；终稿 DHW -1.00 / ELE 0.63 / TMP 0.00",1,0.15,1,none,0,-0.0201432,0,-1,0.65,0,-1,0.629857,0
1,10,11,1,0,normal,none,33.87,33.6396,35.2012,0.00680327,0.677892,0,0,1,0.787004,0.788896,0.76617,0.00240326,0,0.117285,0.117651,0.117285,0,0,-0.83,0,0,-0.83,0.637325,0,1,1,0,3.36617,0.0170303,0.0538544,2.97457,C,1,1.18,1,0,正常工况；预测负荷 0.766 kWh；预测光伏 0.000 kWh；初稿 [DHW -0.83/ ELE 0.00/ TMP 0.00]；Refine 后 [DHW -0.83/ ELE 0.64/ TMP 0.00]；触发 B_high 减负荷；树搜索 cost 2.9746,"[11:00] 开始计算 Building_2 动作...|||> [本步实况] 实际上一步净用电 0.000 kWh。|||> [社区负荷] 社区实际上步净用电合计 0.000 kWh，预测下步净用电合计 9.701 kWh。|||> [预测层] ForecastAgent / XGBoost：下步室外温 35.2°C（上步预测误差 0.7%），不可调负荷 0.766 kWh（上步预测误差 0.2%），光伏 0.000 kWh（上步预测误差 100.0%），DHW 需求 0.118 kWh（上步预测误差 11.7%），粗算净负荷 偏低 (0.766 kWh，未含设备）。|||> [PID层] 室温低于设定点，冷机需求有限；PID 原始电需求 -1.008 kWh，室外 35.2°C，clip 后冷机 0.00，预测冷机电耗 0.000 kWh。|||> [RBC层] 不满足储热条件（DHW 0.118 vs 均值 0.055，SOC 0.00），释放储热，动作 -0.83，预测 DHW 电耗 0.000 kWh。|||> [电池状态] SOC 0.00，本小时下限 0.20，可用余量 -0.20（比例）。|||> [初稿] 正常工况电池初稿置 0（预测电耗 2.600 kWh），留给树搜索决定充放电。|||> [树搜索层] 输入状态 [均值 0.017, SOC 0.00, 当前净负荷 0.000, 下步净负荷 0.766]；为平抑 偏低 净负荷 (0.766 kWh)，电池充电，基准动作：0.65（搜索 cost 2.9746）。|||> [电价观测] 当前电价 0.029 $/kWh（CHESCA 规则控制未直接使用电价优化，仅作环境上下文）。|||> [Refine 微调] 树搜索后对电池追加放电调整 0.01，终稿 ELE 0.64。|||> [安全审查] 净负荷 3.366 kWh 超过 B_high 警戒线 0.071 kWh（均值 0.017 + B_high×σ 0.071）；尝试削减 DHW/TMP。|||> [安全审查] 设备分解：冷机 0.000 + DHW 0.000 + 电池 2.600 kWh − 光伏 0.000 → 净负荷 3.366 kWh。|||> [MARL层介入] ResMARL 启用，α=0.15，模式 A（安全审查之后）；当前电价 0.029 $/kWh，电池 SOC 0.00，审查后净负荷 3.366 kWh。|||> [残差生成] MARL 对电池追加放电残差 -0.013（ELE 0.65→0.64）；mask=[ELE]。|||> 最终执行：TMP 削减 (AUX) 未触发，安全放行；终稿 DHW -0.83 / ELE 0.64 / TMP 0.00",1,0.15,1,none,0,-0.0126749,0,-0.83,0.65,0,-0.83,0.637325,0
1,10,11,2,0,normal,none,33.87,33.6396,35.2012,0.00680327,1.35578,0,0,1,1.52773,1.3518,1.39882,0.115158,0.203856,0.396167,0.181327,0.943363,0,0,-0.83,0,0,-0.83,0.626225,0,1,1,0,3.1704,0.0511956,0.161895,2.91907,C,1,1.18,1,0,正常工况；预测负荷 1.399 kWh；预测光伏 0.000 kWh；初稿 [DHW -0.83/ ELE 0.00/ TMP 0.00]；Refine 后 [DHW -0.83/ ELE 0.63/ TMP 0.00]；触发 B_high 减负荷；树搜索 cost 2.9191,"[11:00] 开始计算 Building_3 动作...|||> [本步实况] 实际上一步净用电 0.000 kWh。|||> [社区负荷] 社区实际上步净用电合计 0.000 kWh，预测下步净用电合计 9.701 kWh。|||> [预测层] ForecastAgent / XGBoost：下步室外温 35.2°C（上步预测误差 0.7%），不可调负荷 1.399 kWh（上步预测误差 11.5%），光伏 0.000 kWh（上步预测误差 100.0%），DHW 需求 0.181 kWh（上步预测误差 94.3%），粗算净负荷 偏低 (1.399 kWh，未含设备）。|||> [PID层] 需降温；PID 原始电需求 -0.407 kWh，室外 35.2°C，clip 后冷机 0.00，预测冷机电耗 0.000 kWh。|||> [RBC层] 不满足储热条件（DHW 0.181 vs 均值 0.091，SOC 0.00），释放储热，动作 -0.83，预测 DHW 电耗 0.201 kWh。|||> [电池状态] SOC 0.00，本小时下限 0.20，可用余量 -0.20（比例）。|||> [初稿] 正常工况电池初稿置 0（预测电耗 1.571 kWh），留给树搜索决定充放电。|||> [树搜索层] 输入状态 [均值 0.051, SOC 0.00, 当前净负荷 0.000, 下步净负荷 1.599]；为平抑 偏低 净负荷 (1.599 kWh)，电池充电，基准动作：0.65（搜索 cost 2.9191）。|||> [电价观测] 当前电价 0.029 $/kWh（CHESCA 规则控制未直接使用电价优化，仅作环境上下文）。|||> [Refine 微调] 树搜索后对电池追加放电调整 0.02，终稿 ELE 0.63。|||> [安全审查] 净负荷 3.170 kWh 超过 B_high 警戒线 0.213 kWh（均值 0.051 + B_high×σ 0.213）；尝试削减 DHW/TMP。|||> [安全审查] 设备分解：冷机 0.000 + DHW 0.201 + 电池 1.571 kWh − 光伏 0.000 → 净负荷 3.170 kWh。|||> [MARL层介入] ResMARL 启用，α=0.15，模式 A（安全审查之后）；当前电价 0.029 $/kWh，电池 SOC 0.00，审查后净负荷 3.170 kWh。|||> [残差生成] MARL 对电池追加放电残差 -0.024（ELE 0.65→0.63）；mask=[ELE]。|||> 最终执行：TMP 削减 (AUX) 未触发，安全放行；终稿 DHW -0.83 / ELE 0.63 / TMP 0.00",1,0.15,1,none,0,-0.0237751,0,-0.83,0.65,0,-0.83,0.626225,0
1,11,12,0,0,normal,none,35.9,35.2012,37.3659,0.0194639,1.60544,0,0,1,0.399291,0.695801,0.765965,0.742592,1.6563,0.117651,0.27427,0.928968,0,0,0.2,0,0,-1,0.627296,0,1,1,0,4.14412,0.0564901,0.187357,3.34382,C,1,1.18,1,0,正常工况；预测负荷 0.766 kWh；预测光伏 0.000 kWh；初稿 [DHW 0.20/ ELE 0.00/ TMP 0.00]；Refine 后 [DHW -1.00/ ELE 0.63/ TMP 0.00]；触发 B_high 减负荷；树搜索 cost 3.3438,"[12:00] 开始计算 Building_1 动作...|||> [本步实况] 实际上一步净用电 0.000 kWh。|||> [社区负荷] 社区实际上步净用电合计 0.000 kWh，预测下步净用电合计 9.886 kWh。|||> [预测层] ForecastAgent / XGBoost：下步室外温 37.4°C（上步预测误差 1.9%），不可调负荷 0.766 kWh（上步预测误差 74.3%），光伏 0.000 kWh（上步预测误差 100.0%），DHW 需求 0.274 kWh（上步预测误差 92.9%），粗算净负荷 偏低 (0.766 kWh，未含设备）。|||> [PID层] 室温低于设定点，冷机需求有限；PID 原始电需求 -0.436 kWh，室外 37.4°C，clip 后冷机 0.00，预测冷机电耗 0.000 kWh。|||> [RBC层] 判据：预测 DHW 0.274 kWh < 24h 均值 0.279 kWh 且 SOC 0.00 < 0.9 → 启动储热，动作 0.20，预测 DHW 电耗 0.778 kWh。|||> [电池状态] SOC 0.00，本小时下限 0.20，可用余量 -0.20（比例）。|||> [初稿] 正常工况电池初稿置 0（预测电耗 2.600 kWh），留给树搜索决定充放电。|||> [树搜索层] 输入状态 [均值 0.056, SOC 0.00, 当前净负荷 0.000, 下步净负荷 1.544]；为平抑 偏低 净负荷 (1.544 kWh)，电池充电，基准动作：0.65（搜索 cost 3.3438）。|||> [电价观测] 当前电价 0.029 $/kWh（CHESCA 规则控制未直接使用电价优化，仅作环境上下文）。|||> [Refine 微调] 树搜索后对电池追加放电调整 0.02，终稿 ELE 0.63。|||> [安全审查] 净负荷 4.144 kWh 超过 B_high 警戒线 0.244 kWh（均值 0.056 + B_high×σ 0.244）；DHW 0.20→-1.00。|||> [安全审查] 设备分解：冷机 0.000 + DHW 0.292 + 电池 2.600 kWh − 光伏 0.000 → 净负荷 4.144 kWh。|||> [MARL层介入] ResMARL 启用，α=0.15，模式 A（安全审查之后）；当前电价 0.029 $/kWh，电池 SOC 0.00，审查后净负荷 4.144 kWh。|||> [残差生成] MARL 对电池追加放电残差 -0.023（ELE 0.65→0.63）；mask=[ELE]。|||> 最终执行：TMP 削减 (AUX) 未触发，安全放行；终稿 DHW -1.00 / ELE 0.63 / TMP 0.00",1,0.15,1,none,0,-0.0227043,0,-1,0.65,0,-1,0.627296,0
1,11,12,1,0,normal,none,35.9,35.2012,37.3659,0.0194639,0.802718,0,0,1,0.667623,0.76617,0.850352,0.147608,0.114332,0.117651,0.0987381,0.0290238,0,0,-0.83,0,0,-0.83,0.637614,0,1,1,0,3.45035,0.0156111,0.0517761,3.01737,C,1,1.18,1,0,正常工况；预测负荷 0.850 kWh；预测光伏 0.000 kWh；初稿 [DHW -0.83/ ELE 0.00/ TMP 0.00]；Refine 后 [DHW -0.83/ ELE 0.64/ TMP 0.00]；触发 B_high 减负荷；树搜索 cost 3.0174,"[12:00] 开始计算 Building_2 动作...|||> [本步实况] 实际上一步净用电 0.000 kWh。|||> [社区负荷] 社区实际上步净用电合计 0.000 kWh，预测下步净用电合计 9.886 kWh。|||> [预测层] ForecastAgent / XGBoost：下步室外温 37.4°C（上步预测误差 1.9%），不可调负荷 0.850 kWh（上步预测误差 14.8%），光伏 0.000 kWh（上步预测误差 100.0%），DHW 需求 0.099 kWh（上步预测误差 2.9%），粗算净负荷 偏低 (0.850 kWh，未含设备）。|||> [PID层] 室温低于设定点，冷机需求有限；PID 原始电需求 -1.037 kWh，室外 37.4°C，clip 后冷机 0.00，预测冷机电耗 0.000 kWh。|||> [RBC层] 不满足储热条件（DHW 0.099 vs 均值 0.059，SOC 0.00），释放储热，动作 -0.83，预测 DHW 电耗 0.000 kWh。|||> [电池状态] SOC 0.00，本小时下限 0.20，可用余量 -0.20（比例）。|||> [初稿] 正常工况电池初稿置 0（预测电耗 2.600 kWh），留给树搜索决定充放电。|||> [树搜索层] 输入状态 [均值 0.016, SOC 0.00, 当前净负荷 0.000, 下步净负荷 0.850]；为平抑 偏低 净负荷 (0.850 kWh)，电池充电，基准动作：0.65（搜索 cost 3.0174）。|||> [电价观测] 当前电价 0.029 $/kWh（CHESCA 规则控制未直接使用电价优化，仅作环境上下文）。|||> [Refine 微调] 树搜索后对电池追加放电调整 0.01，终稿 ELE 0.64。|||> [安全审查] 净负荷 3.450 kWh 超过 B_high 警戒线 0.067 kWh（均值 0.016 + B_high×σ 0.067）；尝试削减 DHW/TMP。|||> [安全审查] 设备分解：冷机 0.000 + DHW 0.000 + 电池 2.600 kWh − 光伏 0.000 → 净负荷 3.450 kWh。|||> [MARL层介入] ResMARL 启用，α=0.15，模式 A（安全审查之后）；当前电价 0.029 $/kWh，电池 SOC 0.00，审查后净负荷 3.450 kWh。|||> [残差生成] MARL 对电池追加放电残差 -0.012（ELE 0.65→0.64）；mask=[ELE]。|||> 最终执行：TMP 削减 (AUX) 未触发，安全放行；终稿 DHW -0.83 / ELE 0.64 / TMP 0.00",1,0.15,1,none,0,-0.0123863,0,-0.83,0.65,0,-0.83,0.637614,0
1,11,12,2,0,normal,none,35.9,35.2012,37.3659,0.0194639,1.60544,0,0,1,1.31819,1.39882,1.34654,0.0611632,0.232926,0.181327,0.124356,0.221528,0,0,-0.83,0,0,-0.83,0.624295,0,1,1,0,2.9176,0.0469293,0.155647,2.7948,C,1,1.18,1,0,正常工况；预测负荷 1.347 kWh；预测光伏 0.000 kWh；初稿 [DHW -0.83/ ELE 0.00/ TMP 0.00]；Refine 后 [DHW -0.83/ ELE 0.62/ TMP 0.00]；触发 B_high 减负荷；树搜索 cost 2.7948,"[12:00] 开始计算 Building_3 动作...|||> [本步实况] 实际上一步净用电 0.000 kWh。|||> [社区负荷] 社区实际上步净用电合计 0.000 kWh，预测下步净用电合计 9.886 kWh。|||> [预测层] ForecastAgent / XGBoost：下步室外温 37.4°C（上步预测误差 1.9%），不可调负荷 1.347 kWh（上步预测误差 6.1%），光伏 0.000 kWh（上步预测误差 100.0%），DHW 需求 0.124 kWh（上步预测误差 22.2%），粗算净负荷 偏低 (1.347 kWh，未含设备）。|||> [PID层] 需降温；PID 原始电需求 -0.435 kWh，室外 37.4°C，clip 后冷机 0.00，预测冷机电耗 0.000 kWh。|||> [RBC层] 不满足储热条件（DHW 0.124 vs 均值 0.101，SOC 0.00），释放储热，动作 -0.83，预测 DHW 电耗 0.000 kWh。|||> [电池状态] SOC 0.00，本小时下限 0.20，可用余量 -0.20（比例）。|||> [初稿] 正常工况电池初稿置 0（预测电耗 1.571 kWh），留给树搜索决定充放电。|||> [树搜索层] 输入状态 [均值 0.047, SOC 0.00, 当前净负荷 0.000, 下步净负荷 1.347]；为平抑 偏低 净负荷 (1.347 kWh)，电池充电，基准动作：0.65（搜索 cost 2.7948）。|||> [电价观测] 当前电价 0.029 $/kWh（CHESCA 规则控制未直接使用电价优化，仅作环境上下文）。|||> [Refine 微调] 树搜索后对电池追加放电调整 0.03，终稿 ELE 0.62。|||> [安全审查] 净负荷 2.918 kWh 超过 B_high 警戒线 0.203 kWh（均值 0.047 + B_high×σ 0.203）；尝试削减 DHW/TMP。|||> [安全审查] 设备分解：冷机 0.000 + DHW 0.000 + 电池 1.571 kWh − 光伏 0.000 → 净负荷 2.918 kWh。|||> [MARL层介入] ResMARL 启用，α=0.15，模式 A（安全审查之后）；当前电价 0.029 $/kWh，电池 SOC 0.00，审查后净负荷 2.918 kWh。|||> [残差生成] MARL 对电池追加放电残差 -0.026（ELE 0.65→0.62）；mask=[ELE]。|||> 最终执行：TMP 削减 (AUX) 未触发，安全放行；终稿 DHW -0.83 / ELE 0.62 / TMP 0.00",1,0.15,1,none,0,-0.0257054,0,-0.83,0.65,0,-0.83,0.624295,0
1,12,13,0,0,normal,none,37.51,37.3659,38.5645,0.00384083,1.64112,0,0,1,0.403018,0.765965,0.799106,0.900574,0.226496,0.27427,0.204267,0.210927,0,0,0.2,0,0,-1,0.675259,0,1,1,0,4.30273,0.0521447,0.180635,3.52529,C,1,1.18,1,0,正常工况；预测负荷 0.799 kWh；预测光伏 0.000 kWh；初稿 [DHW 0.20/ ELE 0.00/ TMP 0.00]；Refine 后 [DHW -1.00/ ELE 0.68/ TMP 0.00]；触发 B_high 减负荷；树搜索 cost 3.5253,"[13:00] 开始计算 Building_1 动作...|||> [本步实况] 实际上一步净用电 0.000 kWh。|||> [社区负荷] 社区实际上步净用电合计 0.000 kWh，预测下步净用电合计 10.197 kWh。|||> [预测层] ForecastAgent / XGBoost：下步室外温 38.6°C（上步预测误差 0.4%），不可调负荷 0.799 kWh（上步预测误差 90.1%），光伏 0.000 kWh（上步预测误差 100.0%），DHW 需求 0.204 kWh（上步预测误差 21.1%），粗算净负荷 偏低 (0.799 kWh，未含设备）。|||> [PID层] 需降温；PID 原始电需求 -0.461 kWh，室外 38.6°C，clip 后冷机 0.00，预测冷机电耗 0.000 kWh。|||> [RBC层] 判据：预测 DHW 0.204 kWh < 24h 均值 0.289 kWh 且 SOC 0.00 < 0.9 → 启动储热，动作 0.20，预测 DHW 电耗 0.704 kWh。|||> [电池状态] SOC 0.00，本小时下限 0.20，可用余量 -0.20（比例）。|||> [初稿] 正常工况电池初稿置 0（预测电耗 2.800 kWh），留给树搜索决定充放电。|||> [树搜索层] 输入状态 [均值 0.052, SOC 0.00, 当前净负荷 0.000, 下步净负荷 1.503]；为平抑 偏低 净负荷 (1.503 kWh)，电池充电，基准动作：0.70（搜索 cost 3.5253）。|||> [电价观测] 当前电价 0.029 $/kWh（CHESCA 规则控制未直接使用电价优化，仅作环境上下文）。|||> [Refine 微调] 树搜索后对电池追加放电调整 0.02，终稿 ELE 0.68。|||> [安全审查] 净负荷 4.303 kWh 超过 B_high 警戒线 0.233 kWh（均值 0.052 + B_high×σ 0.233）；DHW 0.20→-1.00。|||> [安全审查] 设备分解：冷机 0.000 + DHW 0.218 + 电池 2.800 kWh − 光伏 0.000 → 净负荷 4.303 kWh。|||> [MARL层介入] ResMARL 启用，α=0.15，模式 A（安全审查之后）；当前电价 0.029 $/kWh，电池 SOC 0.00，审查后净负荷 4.303 kWh。|||> [残差生成] MARL 对电池追加放电残差 -0.025（ELE 0.70→0.68）；mask=[ELE]。|||> 最终执行：TMP 削减 (AUX) 未触发，安全放行；终稿 DHW -1.00 / ELE 0.68 / TMP 0.00",1,0.15,1,none,0,-0.0247409,0,-1,0.7,0,-1,0.675259,0
1,12,13,1,0,normal,none,37.51,37.3659,38.5645,0.00384083,0.820559,0,0,1,0.759834,0.850352,0.785168,0.119129,0.114332,0.0987381,0.11164,0.136393,0,0,-0.83,0,0,-0.83,0.68698,0,1,1,0,3.58517,0.0144102,0.0499185,3.18538,C,1,1.18,1,0,正常工况；预测负荷 0.785 kWh；预测光伏 0.000 kWh；初稿 [DHW -0.83/ ELE 0.00/ TMP 0.00]；Refine 后 [DHW -0.83/ ELE 0.69/ TMP 0.00]；触发 B_high 减负荷；树搜索 cost 3.1854,"[13:00] 开始计算 Building_2 动作...|||> [本步实况] 实际上一步净用电 0.000 kWh。|||> [社区负荷] 社区实际上步净用电合计 0.000 kWh，预测下步净用电合计 10.197 kWh。|||> [预测层] ForecastAgent / XGBoost：下步室外温 38.6°C（上步预测误差 0.4%），不可调负荷 0.785 kWh（上步预测误差 11.9%），光伏 0.000 kWh（上步预测误差 100.0%），DHW 需求 0.112 kWh（上步预测误差 13.6%），粗算净负荷 偏低 (0.785 kWh，未含设备）。|||> [PID层] 室温低于设定点，冷机需求有限；PID 原始电需求 -1.067 kWh，室外 38.6°C，clip 后冷机 0.00，预测冷机电耗 0.000 kWh。|||> [RBC层] 不满足储热条件（DHW 0.112 vs 均值 0.064，SOC 0.00），释放储热，动作 -0.83，预测 DHW 电耗 0.000 kWh。|||> [电池状态] SOC 0.00，本小时下限 0.20，可用余量 -0.20（比例）。|||> [初稿] 正常工况电池初稿置 0（预测电耗 2.800 kWh），留给树搜索决定充放电。|||> [树搜索层] 输入状态 [均值 0.014, SOC 0.00, 当前净负荷 0.000, 下步净负荷 0.785]；为平抑 偏低 净负荷 (0.785 kWh)，电池充电，基准动作：0.70（搜索 cost 3.1854）。|||> [电价观测] 当前电价 0.029 $/kWh（CHESCA 规则控制未直接使用电价优化，仅作环境上下文）。|||> [Refine 微调] 树搜索后对电池追加放电调整 0.01，终稿 ELE 0.69。|||> [安全审查] 净负荷 3.585 kWh 超过 B_high 警戒线 0.064 kWh（均值 0.014 + B_high×σ 0.064）；尝试削减 DHW/TMP。|||> [安全审查] 设备分解：冷机 0.000 + DHW 0.000 + 电池 2.800 kWh − 光伏 0.000 → 净负荷 3.585 kWh。|||> [MARL层介入] ResMARL 启用，α=0.15，模式 A（安全审查之后）；当前电价 0.029 $/kWh，电池 SOC 0.00，审查后净负荷 3.585 kWh。|||> [残差生成] MARL 对电池追加放电残差 -0.013（ELE 0.70→0.69）；mask=[ELE]。|||> 最终执行：TMP 削减 (AUX) 未触发，安全放行；终稿 DHW -0.83 / ELE 0.69 / TMP 0.00",1,0.15,1,none,0,-0.0130204,0,-0.83,0.7,0,-0.83,0.68698,0
1,12,13,2,0,normal,none,37.51,37.3659,38.5645,0.00384083,1.64112,0,0,1,1.1638,1.34654,1.37525,0.157018,0,0.124356,0.105956,0.124356,0,0,-0.83,0,0,-0.83,0.673255,0,1,1,0,2.94631,0.0433193,0.150063,2.97597,C,1,1.18,1,0,正常工况；预测负荷 1.375 kWh；预测光伏 0.000 kWh；初稿 [DHW -0.83/ ELE 0.00/ TMP 0.00]；Refine 后 [DHW -0.83/ ELE 0.67/ TMP 0.00]；触发 B_high 减负荷；树搜索 cost 2.9760,"[13:00] 开始计算 Building_3 动作...|||> [本步实况] 实际上一步净用电 0.000 kWh。|||> [社区负荷] 社区实际上步净用电合计 0.000 kWh，预测下步净用电合计 10.197 kWh。|||> [预测层] ForecastAgent / XGBoost：下步室外温 38.6°C（上步预测误差 0.4%），不可调负荷 1.375 kWh（上步预测误差 15.7%），光伏 0.000 kWh（上步预测误差 100.0%），DHW 需求 0.106 kWh（上步预测误差 12.4%），粗算净负荷 偏低 (1.375 kWh，未含设备）。|||> [PID层] 需降温；PID 原始电需求 -0.464 kWh，室外 38.6°C，clip 后冷机 0.00，预测冷机电耗 0.000 kWh。|||> [RBC层] 不满足储热条件（DHW 0.106 vs 均值 0.101，SOC 0.00），释放储热，动作 -0.83，预测 DHW 电耗 0.000 kWh。|||> [电池状态] SOC 0.00，本小时下限 0.20，可用余量 -0.20（比例）。|||> [初稿] 正常工况电池初稿置 0（预测电耗 1.571 kWh），留给树搜索决定充放电。|||> [树搜索层] 输入状态 [均值 0.043, SOC 0.00, 当前净负荷 0.000, 下步净负荷 1.375]；为平抑 偏低 净负荷 (1.375 kWh)，电池充电，基准动作：0.70（搜索 cost 2.9760）。|||> [电价观测] 当前电价 0.029 $/kWh（CHESCA 规则控制未直接使用电价优化，仅作环境上下文）。|||> [Refine 微调] 树搜索后对电池追加放电调整 0.03，终稿 ELE 0.67。|||> [安全审查] 净负荷 2.946 kWh 超过 B_high 警戒线 0.193 kWh（均值 0.043 + B_high×σ 0.193）；尝试削减 DHW/TMP。|||> [安全审查] 设备分解：冷机 0.000 + DHW 0.000 + 电池 1.571 kWh − 光伏 0.000 → 净负荷 2.946 kWh。|||> [MARL层介入] ResMARL 启用，α=0.15，模式 A（安全审查之后）；当前电价 0.029 $/kWh，电池 SOC 0.00，审查后净负荷 2.946 kWh。|||> [残差生成] MARL 对电池追加放电残差 -0.027（ELE 0.70→0.67）；mask=[ELE]。|||> 最终执行：TMP 削减 (AUX) 未触发，安全放行；终稿 DHW -0.83 / ELE 0.67 / TMP 0.00",1,0.15,1,none,0,-0.0267447,0,-0.83,0.7,0,-0.83,0.673255,0
1,13,14,0,0,normal,none,38.69,38.5645,39.3092,0.00324323,1.64918,0,0,1,0.356134,0.799106,0.521018,1.24383,0,0.204267,0.0539893,0.204267,0,0,0.2,0,0,-1,0.674275,0,1,1,0,3.80713,0.0484201,0.174581,3.27936,C,1,1.18,1,0,正常工况；预测负荷 0.521 kWh；预测光伏 0.000 kWh；初稿 [DHW 0.20/ ELE 0.00/ TMP 0.00]；Refine 后 [DHW -1.00/ ELE 0.67/ TMP 0.00]；触发 B_high 减负荷；树搜索 cost 3.2794,"[14:00] 开始计算 Building_1 动作...|||> [本步实况] 实际上一步净用电 0.000 kWh。|||> [社区负荷] 社区实际上步净用电合计 0.000 kWh，预测下步净用电合计 9.486 kWh。|||> [预测层] ForecastAgent / XGBoost：下步室外温 39.3°C（上步预测误差 0.3%），不可调负荷 0.521 kWh（上步预测误差 124.4%），光伏 0.000 kWh（上步预测误差 100.0%），DHW 需求 0.054 kWh（上步预测误差 20.4%），粗算净负荷 偏低 (0.521 kWh，未含设备）。|||> [PID层] 需降温；PID 原始电需求 -0.490 kWh，室外 39.3°C，clip 后冷机 0.00，预测冷机电耗 0.000 kWh。|||> [RBC层] 判据：预测 DHW 0.054 kWh < 24h 均值 0.289 kWh 且 SOC 0.00 < 0.9 → 启动储热，动作 0.20，预测 DHW 电耗 0.486 kWh。|||> [电池状态] SOC 0.00，本小时下限 0.20，可用余量 -0.20（比例）。|||> [初稿] 正常工况电池初稿置 0（预测电耗 2.800 kWh），留给树搜索决定充放电。|||> [树搜索层] 输入状态 [均值 0.048, SOC 0.00, 当前净负荷 0.000, 下步净负荷 1.007]；为平抑 偏低 净负荷 (1.007 kWh)，电池充电，基准动作：0.70（搜索 cost 3.2794）。|||> [电价观测] 当前电价 0.029 $/kWh（CHESCA 规则控制未直接使用电价优化，仅作环境上下文）。|||> [Refine 微调] 树搜索后对电池追加放电调整 0.03，终稿 ELE 0.67。|||> [安全审查] 净负荷 3.807 kWh 超过 B_high 警戒线 0.223 kWh（均值 0.048 + B_high×σ 0.223）；DHW 0.20→-1.00。|||> [安全审查] 设备分解：冷机 0.000 + DHW 0.486 + 电池 2.800 kWh − 光伏 0.000 → 净负荷 3.807 kWh。|||> [MARL层介入] ResMARL 启用，α=0.15，模式 A（安全审查之后）；当前电价 0.029 $/kWh，电池 SOC 0.00，审查后净负荷 3.807 kWh。|||> [残差生成] MARL 对电池追加放电残差 -0.026（ELE 0.70→0.67）；mask=[ELE]。|||> 最终执行：TMP 削减 (AUX) 未触发，安全放行；终稿 DHW -1.00 / ELE 0.67 / TMP 0.00",1,0.15,1,none,0,-0.0257247,0,-1,0.7,0,-1,0.674275,0
1,13,14,1,0,normal,none,38.69,38.5645,39.3092,0.00324323,0.82459,0,0,1,0.544013,0.785168,0.587722,0.443287,0,0.11164,0.0539893,0.11164,0,0,0.2,0,0,-1,0.684176,0,1,1,0,3.75592,0.0133809,0.0482456,3.27127,C,1,1.18,1,0,正常工况；预测负荷 0.588 kWh；预测光伏 0.000 kWh；初稿 [DHW 0.20/ ELE 0.00/ TMP 0.00]；Refine 后 [DHW -1.00/ ELE 0.68/ TMP 0.00]；触发 B_high 减负荷；树搜索 cost 3.2713,"[14:00] 开始计算 Building_2 动作...|||> [本步实况] 实际上一步净用电 0.000 kWh。|||> [社区负荷] 社区实际上步净用电合计 0.000 kWh，预测下步净用电合计 9.486 kWh。|||> [预测层] ForecastAgent / XGBoost：下步室外温 39.3°C（上步预测误差 0.3%），不可调负荷 0.588 kWh（上步预测误差 44.3%），光伏 0.000 kWh（上步预测误差 100.0%），DHW 需求 0.054 kWh（上步预测误差 11.2%），粗算净负荷 偏低 (0.588 kWh，未含设备）。|||> [PID层] 室温低于设定点，冷机需求有限；PID 原始电需求 -1.097 kWh，室外 39.3°C，clip 后冷机 0.00，预测冷机电耗 0.000 kWh。|||> [RBC层] 判据：预测 DHW 0.054 kWh < 24h 均值 0.064 kWh 且 SOC 0.00 < 0.9 → 启动储热，动作 0.20，预测 DHW 电耗 0.368 kWh。|||> [电池状态] SOC 0.00，本小时下限 0.20，可用余量 -0.20（比例）。|||> [初稿] 正常工况电池初稿置 0（预测电耗 2.800 kWh），留给树搜索决定充放电。|||> [树搜索层] 输入状态 [均值 0.013, SOC 0.00, 当前净负荷 0.000, 下步净负荷 0.956]；为平抑 偏低 净负荷 (0.956 kWh)，电池充电，基准动作：0.70（搜索 cost 3.2713）。|||> [电价观测] 当前电价 0.029 $/kWh（CHESCA 规则控制未直接使用电价优化，仅作环境上下文）。|||> [Refine 微调] 树搜索后对电池追加放电调整 0.02，终稿 ELE 0.68。|||> [安全审查] 净负荷 3.756 kWh 超过 B_high 警戒线 0.062 kWh（均值 0.013 + B_high×σ 0.062）；DHW 0.20→-1.00。|||> [安全审查] 设备分解：冷机 0.000 + DHW 0.368 + 电池 2.800 kWh − 光伏 0.000 → 净负荷 3.756 kWh。|||> [MARL层介入] ResMARL 启用，α=0.15，模式 A（安全审查之后）；当前电价 0.029 $/kWh，电池 SOC 0.00，审查后净负荷 3.756 kWh。|||> [残差生成] MARL 对电池追加放电残差 -0.016（ELE 0.70→0.68）；mask=[ELE]。|||> 最终执行：TMP 削减 (AUX) 未触发，安全放行；终稿 DHW -1.00 / ELE 0.68 / TMP 0.00",1,0.15,1,none,0,-0.0158238,0,-1,0.7,0,-1,0.684176,0
1,13,14,2,0,normal,none,38.69,38.5645,39.3092,0.00324323,1.64918,0,0,1,1.01735,1.37525,1.37281,0.351804,0,0.105956,0.0873693,0.105956,0,0,0.2,0,0,-1,0.671252,0,1,1,0,3.57251,0.0402251,0.145034,3.29061,C,1,1.18,1,0,正常工况；预测负荷 1.373 kWh；预测光伏 0.000 kWh；初稿 [DHW 0.20/ ELE 0.00/ TMP 0.00]；Refine 后 [DHW -1.00/ ELE 0.67/ TMP 0.00]；触发 B_high 减负荷；树搜索 cost 3.2906,"[14:00] 开始计算 Building_3 动作...|||> [本步实况] 实际上一步净用电 0.000 kWh。|||> [社区负荷] 社区实际上步净用电合计 0.000 kWh，预测下步净用电合计 9.486 kWh。|||> [预测层] ForecastAgent / XGBoost：下步室外温 39.3°C（上步预测误差 0.3%），不可调负荷 1.373 kWh（上步预测误差 35.2%），光伏 0.000 kWh（上步预测误差 100.0%），DHW 需求 0.087 kWh（上步预测误差 10.6%），粗算净负荷 偏低 (1.373 kWh，未含设备）。|||> [PID层] 需降温；PID 原始电需求 -0.493 kWh，室外 39.3°C，clip 后冷机 0.00，预测冷机电耗 0.000 kWh。|||> [RBC层] 判据：预测 DHW 0.087 kWh < 24h 均值 0.101 kWh 且 SOC 0.00 < 0.9 → 启动储热，动作 0.20，预测 DHW 电耗 0.629 kWh。|||> [电池状态] SOC 0.00，本小时下限 0.20，可用余量 -0.20（比例）。|||> [初稿] 正常工况电池初稿置 0（预测电耗 1.571 kWh），留给树搜索决定充放电。|||> [树搜索层] 输入状态 [均值 0.040, SOC 0.00, 当前净负荷 0.000, 下步净负荷 2.001]；为平抑 偏低 净负荷 (2.001 kWh)，电池充电，基准动作：0.70（搜索 cost 3.2906）。|||> [电价观测] 当前电价 0.029 $/kWh（CHESCA 规则控制未直接使用电价优化，仅作环境上下文）。|||> [Refine 微调] 树搜索后对电池追加放电调整 0.03，终稿 ELE 0.67。|||> [安全审查] 净负荷 3.573 kWh 超过 B_high 警戒线 0.185 kWh（均值 0.040 + B_high×σ 0.185）；DHW 0.20→-1.00。|||> [安全审查] 设备分解：冷机 0.000 + DHW 0.629 + 电池 1.571 kWh − 光伏 0.000 → 净负荷 3.573 kWh。|||> [MARL层介入] ResMARL 启用，α=0.15，模式 A（安全审查之后）；当前电价 0.029 $/kWh，电池 SOC 0.00，审查后净负荷 3.573 kWh。|||> [残差生成] MARL 对电池追加放电残差 -0.029（ELE 0.70→0.67）；mask=[ELE]。|||> 最终执行：TMP 削减 (AUX) 未触发，安全放行；终稿 DHW -1.00 / ELE 0.67 / TMP 0.00",1,0.15,1,none,0,-0.0287479,0,-1,0.7,0,-1,0.671252,0
1,14,15,0,0,normal,none,39.3,39.3092,39.6218,0.000235094,1.54801,0,0,1,0.356304,0.521018,0.422568,0.462283,0.226489,0.0539893,0.137785,0.761625,0,0,0.2,0,0,-1,0.6742,0,1,1,0,3.70868,0.0451921,0.169093,3.23175,C,1,1.18,1,0,正常工况；预测负荷 0.423 kWh；预测光伏 0.000 kWh；初稿 [DHW 0.20/ ELE 0.00/ TMP 0.00]；Refine 后 [DHW -1.00/ ELE 0.67/ TMP 0.00]；触发 B_high 减负荷；树搜索 cost 3.2317,"[15:00] 开始计算 Building_1 动作...|||> [本步实况] 实际上一步净用电 0.000 kWh。|||> [社区负荷] 社区实际上步净用电合计 0.000 kWh，预测下步净用电合计 8.636 kWh。|||> [预测层] ForecastAgent / XGBoost：下步室外温 39.6°C（上步预测误差 0.0%），不可调负荷 0.423 kWh（上步预测误差 46.2%），光伏 0.000 kWh（上步预测误差 100.0%），DHW 需求 0.138 kWh（上步预测误差 76.2%），粗算净负荷 偏低 (0.423 kWh，未含设备）。|||> [PID层] 需降温；PID 原始电需求 -0.519 kWh，室外 39.6°C，clip 后冷机 0.00，预测冷机电耗 0.000 kWh。|||> [RBC层] 判据：预测 DHW 0.138 kWh < 24h 均值 0.298 kWh 且 SOC 0.00 < 0.9 → 启动储热，动作 0.20，预测 DHW 电耗 0.486 kWh。|||> [电池状态] SOC 0.00，本小时下限 0.20，可用余量 -0.20（比例）。|||> [初稿] 正常工况电池初稿置 0（预测电耗 2.800 kWh），留给树搜索决定充放电。|||> [树搜索层] 输入状态 [均值 0.045, SOC 0.00, 当前净负荷 0.000, 下步净负荷 0.909]；为平抑 偏低 净负荷 (0.909 kWh)，电池充电，基准动作：0.70（搜索 cost 3.2317）。|||> [电价观测] 当前电价 0.029 $/kWh（CHESCA 规则控制未直接使用电价优化，仅作环境上下文）。|||> [Refine 微调] 树搜索后对电池追加放电调整 0.03，终稿 ELE 0.67。|||> [安全审查] 净负荷 3.709 kWh 超过 B_high 警戒线 0.214 kWh（均值 0.045 + B_high×σ 0.214）；DHW 0.20→-1.00。|||> [安全审查] 设备分解：冷机 0.000 + DHW 0.486 + 电池 2.800 kWh − 光伏 0.000 → 净负荷 3.709 kWh。|||> [MARL层介入] ResMARL 启用，α=0.15，模式 A（安全审查之后）；当前电价 0.029 $/kWh，电池 SOC 0.00，审查后净负荷 3.709 kWh。|||> [残差生成] MARL 对电池追加放电残差 -0.026（ELE 0.70→0.67）；mask=[ELE]。|||> 最终执行：TMP 削减 (AUX) 未触发，安全放行；终稿 DHW -1.00 / ELE 0.67 / TMP 0.00",1,0.15,1,none,0,-0.0257997,0,-1,0.7,0,-1,0.6742,0
1,14,15,1,0,normal,none,39.3,39.3092,39.6218,0.000235094,0.774005,0,0,1,0.483001,0.587722,0.497846,0.216814,0.114332,0.0539893,0.062894,0.527786,0,0,0.2,0,0,-1,0.682959,0,1,1,0,3.66604,0.0124889,0.046729,3.22678,C,1,1.18,1,0,正常工况；预测负荷 0.498 kWh；预测光伏 0.000 kWh；初稿 [DHW 0.20/ ELE 0.00/ TMP 0.00]；Refine 后 [DHW -1.00/ ELE 0.68/ TMP 0.00]；触发 B_high 减负荷；树搜索 cost 3.2268,"[15:00] 开始计算 Building_2 动作...|||> [本步实况] 实际上一步净用电 0.000 kWh。|||> [社区负荷] 社区实际上步净用电合计 0.000 kWh，预测下步净用电合计 8.636 kWh。|||> [预测层] ForecastAgent / XGBoost：下步室外温 39.6°C（上步预测误差 0.0%），不可调负荷 0.498 kWh（上步预测误差 21.7%），光伏 0.000 kWh（上步预测误差 100.0%），DHW 需求 0.063 kWh（上步预测误差 52.8%），粗算净负荷 偏低 (0.498 kWh，未含设备）。|||> [PID层] 室温低于设定点，冷机需求有限；PID 原始电需求 -1.129 kWh，室外 39.6°C，clip 后冷机 0.00，预测冷机电耗 0.000 kWh。|||> [RBC层] 判据：预测 DHW 0.063 kWh < 24h 均值 0.069 kWh 且 SOC 0.00 < 0.9 → 启动储热，动作 0.20，预测 DHW 电耗 0.368 kWh。|||> [电池状态] SOC 0.00，本小时下限 0.20，可用余量 -0.20（比例）。|||> [初稿] 正常工况电池初稿置 0（预测电耗 2.800 kWh），留给树搜索决定充放电。|||> [树搜索层] 输入状态 [均值 0.012, SOC 0.00, 当前净负荷 0.000, 下步净负荷 0.866]；为平抑 偏低 净负荷 (0.866 kWh)，电池充电，基准动作：0.70（搜索 cost 3.2268）。|||> [电价观测] 当前电价 0.029 $/kWh（CHESCA 规则控制未直接使用电价优化，仅作环境上下文）。|||> [Refine 微调] 树搜索后对电池追加放电调整 0.02，终稿 ELE 0.68。|||> [安全审查] 净负荷 3.666 kWh 超过 B_high 警戒线 0.059 kWh（均值 0.012 + B_high×σ 0.059）；DHW 0.20→-1.00。|||> [安全审查] 设备分解：冷机 0.000 + DHW 0.368 + 电池 2.800 kWh − 光伏 0.000 → 净负荷 3.666 kWh。|||> [MARL层介入] ResMARL 启用，α=0.15，模式 A（安全审查之后）；当前电价 0.029 $/kWh，电池 SOC 0.00，审查后净负荷 3.666 kWh。|||> [残差生成] MARL 对电池追加放电残差 -0.017（ELE 0.70→0.68）；mask=[ELE]。|||> 最终执行：TMP 削减 (AUX) 未触发，安全放行；终稿 DHW -1.00 / ELE 0.68 / TMP 0.00",1,0.15,1,none,0,-0.0170407,0,-1,0.7,0,-1,0.682959,0
1,14,15,2,0,normal,none,39.3,39.3092,39.6218,0.000235094,1.54801,0,0,1,0.774205,1.37281,0.716354,0.773187,0,0.0873693,0.0609359,0.0873693,0,0,0.2,0,0,-1,0.671511,0,1,1,0,2.91606,0.0375434,0.140475,2.96373,C,1,1.18,1,0,正常工况；预测负荷 0.716 kWh；预测光伏 0.000 kWh；初稿 [DHW 0.20/ ELE 0.00/ TMP 0.00]；Refine 后 [DHW -1.00/ ELE 0.67/ TMP 0.00]；触发 B_high 减负荷；树搜索 cost 2.9637,"[15:00] 开始计算 Building_3 动作...|||> [本步实况] 实际上一步净用电 0.000 kWh。|||> [社区负荷] 社区实际上步净用电合计 0.000 kWh，预测下步净用电合计 8.636 kWh。|||> [预测层] ForecastAgent / XGBoost：下步室外温 39.6°C（上步预测误差 0.0%），不可调负荷 0.716 kWh（上步预测误差 77.3%），光伏 0.000 kWh（上步预测误差 100.0%），DHW 需求 0.061 kWh（上步预测误差 8.7%），粗算净负荷 偏低 (0.716 kWh，未含设备）。|||> [PID层] 需降温；PID 原始电需求 -0.522 kWh，室外 39.6°C，clip 后冷机 0.00，预测冷机电耗 0.000 kWh。|||> [RBC层] 判据：预测 DHW 0.061 kWh < 24h 均值 0.101 kWh 且 SOC 0.00 < 0.9 → 启动储热，动作 0.20，预测 DHW 电耗 0.629 kWh。|||> [电池状态] SOC 0.00，本小时下限 0.20，可用余量 -0.20（比例）。|||> [初稿] 正常工况电池初稿置 0（预测电耗 1.571 kWh），留给树搜索决定充放电。|||> [树搜索层] 输入状态 [均值 0.038, SOC 0.00, 当前净负荷 0.000, 下步净负荷 1.345]；为平抑 偏低 净负荷 (1.345 kWh)，电池充电，基准动作：0.70（搜索 cost 2.9637）。|||> [电价观测] 当前电价 0.029 $/kWh（CHESCA 规则控制未直接使用电价优化，仅作环境上下文）。|||> [Refine 微调] 树搜索后对电池追加放电调整 0.03，终稿 ELE 0.67。|||> [安全审查] 净负荷 2.916 kWh 超过 B_high 警戒线 0.178 kWh（均值 0.038 + B_high×σ 0.178）；DHW 0.20→-1.00。|||> [安全审查] 设备分解：冷机 0.000 + DHW 0.629 + 电池 1.571 kWh − 光伏 0.000 → 净负荷 2.916 kWh。|||> [MARL层介入] ResMARL 启用，α=0.15，模式 A（安全审查之后）；当前电价 0.029 $/kWh，电池 SOC 0.00，审查后净负荷 2.916 kWh。|||> [残差生成] MARL 对电池追加放电残差 -0.028（ELE 0.70→0.67）；mask=[ELE]。|||> 最终执行：TMP 削减 (AUX) 未触发，安全放行；终稿 DHW -1.00 / ELE 0.67 / TMP 0.00",1,0.15,1,none,0,-0.0284893,0,-1,0.7,0,-1,0.671511,0
1,15,16,0,0,normal,none,39.53,39.6218,39.3723,0.0023225,1.32785,0,0,1,0.405048,0.422568,0.498625,0.0432518,1.02097,0.137785,0.29408,0.865045,0,0,0.2,0,0,-1,0.625403,0,1,1,0,3.89788,0.0423676,0.164089,3.22775,C,1,1.18,1,0,正常工况；预测负荷 0.499 kWh；预测光伏 0.000 kWh；初稿 [DHW 0.20/ ELE 0.00/ TMP 0.00]；Refine 后 [DHW -1.00/ ELE 0.63/ TMP 0.00]；触发 B_high 减负荷；树搜索 cost 3.2278,"[16:00] 开始计算 Building_1 动作...|||> [本步实况] 实际上一步净用电 0.000 kWh。|||> [社区负荷] 社区实际上步净用电合计 0.000 kWh，预测下步净用电合计 9.757 kWh。|||> [预测层] ForecastAgent / XGBoost：下步室外温 39.4°C（上步预测误差 0.2%），不可调负荷 0.499 kWh（上步预测误差 4.3%），光伏 0.000 kWh（上步预测误差 100.0%），DHW 需求 0.294 kWh（上步预测误差 86.5%），粗算净负荷 偏低 (0.499 kWh，未含设备）。|||> [PID层] 需降温；PID 原始电需求 -0.547 kWh，室外 39.4°C，clip 后冷机 0.00，预测冷机电耗 0.000 kWh。|||> [RBC层] 判据：预测 DHW 0.294 kWh < 24h 均值 0.341 kWh 且 SOC 0.00 < 0.9 → 启动储热，动作 0.20，预测 DHW 电耗 0.799 kWh。|||> [电池状态] SOC 0.00，本小时下限 0.20，可用余量 -0.20（比例）。|||> [初稿] 正常工况电池初稿置 0（预测电耗 2.600 kWh），留给树搜索决定充放电。|||> [树搜索层] 输入状态 [均值 0.042, SOC 0.00, 当前净负荷 0.000, 下步净负荷 1.298]；为平抑 偏低 净负荷 (1.298 kWh)，电池充电，基准动作：0.65（搜索 cost 3.2278）。|||> [电价观测] 当前电价 0.059 $/kWh（CHESCA 规则控制未直接使用电价优化，仅作环境上下文）。|||> [Refine 微调] 树搜索后对电池追加放电调整 0.02，终稿 ELE 0.63。|||> [安全审查] 净负荷 3.898 kWh 超过 B_high 警戒线 0.206 kWh（均值 0.042 + B_high×σ 0.206）；DHW 0.20→-1.00。|||> [安全审查] 设备分解：冷机 0.000 + DHW 0.313 + 电池 2.600 kWh − 光伏 0.000 → 净负荷 3.898 kWh。|||> [MARL层介入] ResMARL 启用，α=0.15，模式 A（安全审查之后）；当前电价 0.059 $/kWh，电池 SOC 0.00，审查后净负荷 3.898 kWh。|||> [残差生成] MARL 对电池追加放电残差 -0.025（ELE 0.65→0.63）；mask=[ELE]。|||> 最终执行：TMP 削减 (AUX) 未触发，安全放行；终稿 DHW -1.00 / ELE 0.63 / TMP 0.00",1,0.15,1,none,0,-0.0245967,0,-1,0.65,0,-1,0.625403,0
1,15,16,1,0,normal,none,39.53,39.6218,39.3723,0.0023225,0.663927,0,0,1,1.46247,0.497846,1.19239,0.659584,0.26777,0.062894,0.158222,0.765119,0,0,-0.83,0,0,-0.83,0.633551,0,1,1,0,3.9683,0.0117083,0.0453461,3.27829,C,1,1.18,1,0,正常工况；预测负荷 1.192 kWh；预测光伏 0.000 kWh；初稿 [DHW -0.83/ ELE 0.00/ TMP 0.00]；Refine 后 [DHW -0.83/ ELE 0.63/ TMP 0.00]；触发 B_high 减负荷；树搜索 cost 3.2783,"[16:00] 开始计算 Building_2 动作...|||> [本步实况] 实际上一步净用电 0.000 kWh。|||> [社区负荷] 社区实际上步净用电合计 0.000 kWh，预测下步净用电合计 9.757 kWh。|||> [预测层] ForecastAgent / XGBoost：下步室外温 39.4°C（上步预测误差 0.2%），不可调负荷 1.192 kWh（上步预测误差 66.0%），光伏 0.000 kWh（上步预测误差 100.0%），DHW 需求 0.158 kWh（上步预测误差 76.5%），粗算净负荷 偏低 (1.192 kWh，未含设备）。|||> [PID层] 室温低于设定点，冷机需求有限；PID 原始电需求 -1.161 kWh，室外 39.4°C，clip 后冷机 0.00，预测冷机电耗 0.000 kWh。|||> [RBC层] 不满足储热条件（DHW 0.158 vs 均值 0.080，SOC 0.00），释放储热，动作 -0.83，预测 DHW 电耗 0.176 kWh。|||> [电池状态] SOC 0.00，本小时下限 0.20，可用余量 -0.20（比例）。|||> [初稿] 正常工况电池初稿置 0（预测电耗 2.600 kWh），留给树搜索决定充放电。|||> [树搜索层] 输入状态 [均值 0.012, SOC 0.00, 当前净负荷 0.000, 下步净负荷 1.368]；为平抑 偏低 净负荷 (1.368 kWh)，电池充电，基准动作：0.65（搜索 cost 3.2783）。|||> [电价观测] 当前电价 0.059 $/kWh（CHESCA 规则控制未直接使用电价优化，仅作环境上下文）。|||> [Refine 微调] 树搜索后对电池追加放电调整 0.02，终稿 ELE 0.63。|||> [安全审查] 净负荷 3.968 kWh 超过 B_high 警戒线 0.057 kWh（均值 0.012 + B_high×σ 0.057）；尝试削减 DHW/TMP。|||> [安全审查] 设备分解：冷机 0.000 + DHW 0.176 + 电池 2.600 kWh − 光伏 0.000 → 净负荷 3.968 kWh。|||> [MARL层介入] ResMARL 启用，α=0.15，模式 A（安全审查之后）；当前电价 0.059 $/kWh，电池 SOC 0.00，审查后净负荷 3.968 kWh。|||> [残差生成] MARL 对电池追加放电残差 -0.016（ELE 0.65→0.63）；mask=[ELE]。|||> 最终执行：TMP 削减 (AUX) 未触发，安全放行；终稿 DHW -0.83 / ELE 0.63 / TMP 0.00",1,0.15,1,none,0,-0.0164492,0,-0.83,0.65,0,-0.83,0.633551,0
1,15,16,2,0,normal,none,39.53,39.6218,39.3723,0.0023225,1.32785,0,0,1,0.878658,0.716354,0.751116,0.184718,0.465844,0.0609359,0.197622,0.869193,0,0,-0.83,0,0,-0.83,0.62389,0,1,1,0,2.54072,0.035197,0.136317,2.61223,C,1,1.18,1,0,正常工况；预测负荷 0.751 kWh；预测光伏 0.000 kWh；初稿 [DHW -0.83/ ELE 0.00/ TMP 0.00]；Refine 后 [DHW -0.83/ ELE 0.62/ TMP 0.00]；触发 B_high 减负荷；树搜索 cost 2.6122,"[16:00] 开始计算 Building_3 动作...|||> [本步实况] 实际上一步净用电 0.000 kWh。|||> [社区负荷] 社区实际上步净用电合计 0.000 kWh，预测下步净用电合计 9.757 kWh。|||> [预测层] ForecastAgent / XGBoost：下步室外温 39.4°C（上步预测误差 0.2%），不可调负荷 0.751 kWh（上步预测误差 18.5%），光伏 0.000 kWh（上步预测误差 100.0%），DHW 需求 0.198 kWh（上步预测误差 86.9%），粗算净负荷 偏低 (0.751 kWh，未含设备）。|||> [PID层] 需降温；PID 原始电需求 -0.550 kWh，室外 39.4°C，clip 后冷机 0.00，预测冷机电耗 0.000 kWh。|||> [RBC层] 不满足储热条件（DHW 0.198 vs 均值 0.120，SOC 0.00），释放储热，动作 -0.83，预测 DHW 电耗 0.219 kWh。|||> [电池状态] SOC 0.00，本小时下限 0.20，可用余量 -0.20（比例）。|||> [初稿] 正常工况电池初稿置 0（预测电耗 1.571 kWh），留给树搜索决定充放电。|||> [树搜索层] 输入状态 [均值 0.035, SOC 0.00, 当前净负荷 0.000, 下步净负荷 0.970]；为平抑 偏低 净负荷 (0.970 kWh)，电池充电，基准动作：0.65（搜索 cost 2.6122）。|||> [电价观测] 当前电价 0.059 $/kWh（CHESCA 规则控制未直接使用电价优化，仅作环境上下文）。|||> [Refine 微调] 树搜索后对电池追加放电调整 0.03，终稿 ELE 0.62。|||> [安全审查] 净负荷 2.541 kWh 超过 B_high 警戒线 0.172 kWh（均值 0.035 + B_high×σ 0.172）；尝试削减 DHW/TMP。|||> [安全审查] 设备分解：冷机 0.000 + DHW 0.219 + 电池 1.571 kWh − 光伏 0.000 → 净负荷 2.541 kWh。|||> [MARL层介入] ResMARL 启用，α=0.15，模式 A（安全审查之后）；当前电价 0.059 $/kWh，电池 SOC 0.00，审查后净负荷 2.541 kWh。|||> [残差生成] MARL 对电池追加放电残差 -0.026（ELE 0.65→0.62）；mask=[ELE]。|||> 最终执行：TMP 削减 (AUX) 未触发，安全放行；终稿 DHW -0.83 / ELE 0.62 / TMP 0.00",1,0.15,1,none,0,-0.0261102,0,-0.83,0.65,0,-0.83,0.62389,0
1,16,17,0,0,normal,none,39.16,39.3723,38.0574,0.00542231,1.01134,0,0,1,0.359361,0.498625,0.361467,0.387531,0.452995,0.29408,0.138792,0.350809,0,0,0.2,0,0,-1,0.677531,0,1,1,0,3.64758,0.0398754,0.159501,3.20385,C,1,1.18,1,0,正常工况；预测负荷 0.361 kWh；预测光伏 0.000 kWh；初稿 [DHW 0.20/ ELE 0.00/ TMP 0.00]；Refine 后 [DHW -1.00/ ELE 0.68/ TMP 0.00]；触发 B_high 减负荷；树搜索 cost 3.2039,"[17:00] 开始计算 Building_1 动作...|||> [本步实况] 实际上一步净用电 0.000 kWh。|||> [社区负荷] 社区实际上步净用电合计 0.000 kWh，预测下步净用电合计 8.583 kWh。|||> [预测层] ForecastAgent / XGBoost：下步室外温 38.1°C（上步预测误差 0.5%），不可调负荷 0.361 kWh（上步预测误差 38.8%），光伏 0.000 kWh（上步预测误差 100.0%），DHW 需求 0.139 kWh（上步预测误差 35.1%），粗算净负荷 偏低 (0.361 kWh，未含设备）。|||> [PID层] 需降温；PID 原始电需求 -0.564 kWh，室外 38.1°C，clip 后冷机 0.00，预测冷机电耗 0.000 kWh。|||> [RBC层] 判据：预测 DHW 0.139 kWh < 24h 均值 0.359 kWh 且 SOC 0.00 < 0.9 → 启动储热，动作 0.20，预测 DHW 电耗 0.486 kWh。|||> [电池状态] SOC 0.00，本小时下限 0.20，可用余量 -0.20（比例）。|||> [初稿] 正常工况电池初稿置 0（预测电耗 2.800 kWh），留给树搜索决定充放电。|||> [树搜索层] 输入状态 [均值 0.040, SOC 0.00, 当前净负荷 0.000, 下步净负荷 0.848]；为平抑 偏低 净负荷 (0.848 kWh)，电池充电，基准动作：0.70（搜索 cost 3.2039）。|||> [电价观测] 当前电价 0.059 $/kWh（CHESCA 规则控制未直接使用电价优化，仅作环境上下文）。|||> [Refine 微调] 树搜索后对电池追加放电调整 0.02，终稿 ELE 0.68。|||> [安全审查] 净负荷 3.648 kWh 超过 B_high 警戒线 0.199 kWh（均值 0.040 + B_high×σ 0.199）；DHW 0.20→-1.00。|||> [安全审查] 设备分解：冷机 0.000 + DHW 0.486 + 电池 2.800 kWh − 光伏 0.000 → 净负荷 3.648 kWh。|||> [MARL层介入] ResMARL 启用，α=0.15，模式 A（安全审查之后）；当前电价 0.059 $/kWh，电池 SOC 0.00，审查后净负荷 3.648 kWh。|||> [残差生成] MARL 对电池追加放电残差 -0.022（ELE 0.70→0.68）；mask=[ELE]。|||> 最终执行：TMP 削减 (AUX) 未触发，安全放行；终稿 DHW -1.00 / ELE 0.68 / TMP 0.00",1,0.15,1,none,0,-0.0224691,0,-1,0.7,0,-1,0.677531,0
1,16,17,1,0,normal,none,39.16,39.3723,38.0574,0.00542231,0.505669,0,0,1,0.433468,1.19239,0.472218,1.75081,0.326941,0.158222,0.110762,0.516055,0,0,-0.83,0,0,-0.83,0.679539,0,1,1,0,3.27222,0.0110196,0.0440783,3.0306,C,1,1.18,1,0,正常工况；预测负荷 0.472 kWh；预测光伏 0.000 kWh；初稿 [DHW -0.83/ ELE 0.00/ TMP 0.00]；Refine 后 [DHW -0.83/ ELE 0.68/ TMP 0.00]；触发 B_high 减负荷；树搜索 cost 3.0306,"[17:00] 开始计算 Building_2 动作...|||> [本步实况] 实际上一步净用电 0.000 kWh。|||> [社区负荷] 社区实际上步净用电合计 0.000 kWh，预测下步净用电合计 8.583 kWh。|||> [预测层] ForecastAgent / XGBoost：下步室外温 38.1°C（上步预测误差 0.5%），不可调负荷 0.472 kWh（上步预测误差 175.1%），光伏 0.000 kWh（上步预测误差 100.0%），DHW 需求 0.111 kWh（上步预测误差 51.6%），粗算净负荷 偏低 (0.472 kWh，未含设备）。|||> [PID层] 室温低于设定点，冷机需求有限；PID 原始电需求 -1.192 kWh，室外 38.1°C，clip 后冷机 0.00，预测冷机电耗 0.000 kWh。|||> [RBC层] 不满足储热条件（DHW 0.111 vs 均值 0.094，SOC 0.00），释放储热，动作 -0.83，预测 DHW 电耗 0.000 kWh。|||> [电池状态] SOC 0.00，本小时下限 0.20，可用余量 -0.20（比例）。|||> [初稿] 正常工况电池初稿置 0（预测电耗 2.800 kWh），留给树搜索决定充放电。|||> [树搜索层] 输入状态 [均值 0.011, SOC 0.00, 当前净负荷 0.000, 下步净负荷 0.472]；为平抑 偏低 净负荷 (0.472 kWh)，电池充电，基准动作：0.70（搜索 cost 3.0306）。|||> [电价观测] 当前电价 0.059 $/kWh（CHESCA 规则控制未直接使用电价优化，仅作环境上下文）。|||> [Refine 微调] 树搜索后对电池追加放电调整 0.02，终稿 ELE 0.68。|||> [安全审查] 净负荷 3.272 kWh 超过 B_high 警戒线 0.055 kWh（均值 0.011 + B_high×σ 0.055）；尝试削减 DHW/TMP。|||> [安全审查] 设备分解：冷机 0.000 + DHW 0.000 + 电池 2.800 kWh − 光伏 0.000 → 净负荷 3.272 kWh。|||> [MARL层介入] ResMARL 启用，α=0.15，模式 A（安全审查之后）；当前电价 0.059 $/kWh，电池 SOC 0.00，审查后净负荷 3.272 kWh。|||> [残差生成] MARL 对电池追加放电残差 -0.020（ELE 0.70→0.68）；mask=[ELE]。|||> 最终执行：TMP 削减 (AUX) 未触发，安全放行；终稿 DHW -0.83 / ELE 0.68 / TMP 0.00",1,0.15,1,none,0,-0.0204612,0,-0.83,0.7,0,-0.83,0.679539,0
1,16,17,2,0,normal,none,39.16,39.3723,38.0574,0.00542231,1.01134,0,0,1,0.77924,0.751116,0.74982,0.0360913,0,0.197622,0.0910631,0.197622,0,0,0.2,0,0,-1,0.675593,0,1,1,0,2.94952,0.0331266,0.132506,2.98267,C,1,1.18,1,0,正常工况；预测负荷 0.750 kWh；预测光伏 0.000 kWh；初稿 [DHW 0.20/ ELE 0.00/ TMP 0.00]；Refine 后 [DHW -1.00/ ELE 0.68/ TMP 0.00]；触发 B_high 减负荷；树搜索 cost 2.9827,"[17:00] 开始计算 Building_3 动作...|||> [本步实况] 实际上一步净用电 0.000 kWh。|||> [社区负荷] 社区实际上步净用电合计 0.000 kWh，预测下步净用电合计 8.583 kWh。|||> [预测层] ForecastAgent / XGBoost：下步室外温 38.1°C（上步预测误差 0.5%），不可调负荷 0.750 kWh（上步预测误差 3.6%），光伏 0.000 kWh（上步预测误差 100.0%），DHW 需求 0.091 kWh（上步预测误差 19.8%），粗算净负荷 偏低 (0.750 kWh，未含设备）。|||> [PID层] 需降温；PID 原始电需求 -0.579 kWh，室外 38.1°C，clip 后冷机 0.00，预测冷机电耗 0.000 kWh。|||> [RBC层] 判据：预测 DHW 0.091 kWh < 24h 均值 0.120 kWh 且 SOC 0.00 < 0.9 → 启动储热，动作 0.20，预测 DHW 电耗 0.629 kWh。|||> [电池状态] SOC 0.00，本小时下限 0.20，可用余量 -0.20（比例）。|||> [初稿] 正常工况电池初稿置 0（预测电耗 1.571 kWh），留给树搜索决定充放电。|||> [树搜索层] 输入状态 [均值 0.033, SOC 0.00, 当前净负荷 0.000, 下步净负荷 1.378]；为平抑 偏低 净负荷 (1.378 kWh)，电池充电，基准动作：0.70（搜索 cost 2.9827）。|||> [电价观测] 当前电价 0.059 $/kWh（CHESCA 规则控制未直接使用电价优化，仅作环境上下文）。|||> [Refine 微调] 树搜索后对电池追加放电调整 0.02，终稿 ELE 0.68。|||> [安全审查] 净负荷 2.950 kWh 超过 B_high 警戒线 0.166 kWh（均值 0.033 + B_high×σ 0.166）；DHW 0.20→-1.00。|||> [安全审查] 设备分解：冷机 0.000 + DHW 0.629 + 电池 1.571 kWh − 光伏 0.000 → 净负荷 2.950 kWh。|||> [MARL层介入] ResMARL 启用，α=0.15，模式 A（安全审查之后）；当前电价 0.059 $/kWh，电池 SOC 0.00，审查后净负荷 2.950 kWh。|||> [残差生成] MARL 对电池追加放电残差 -0.024（ELE 0.70→0.68）；mask=[ELE]。|||> 最终执行：TMP 削减 (AUX) 未触发，安全放行；终稿 DHW -1.00 / ELE 0.68 / TMP 0.00",1,0.15,1,none,0,-0.0244067,0,-1,0.7,0,-1,0.675593,0
1,17,18,0,0,normal,none,38.12,38.0574,36.8279,0.00164346,0.593559,0,0,1,0.773497,0.361467,0.760742,0.532684,0,0.138792,0.105625,0.138792,0,0,0.2,0,0,-1,0.580495,0,1,1,0,3.64686,0.0376601,0.155276,3.0046,C,1,1.18,1,0,正常工况；预测负荷 0.761 kWh；预测光伏 0.000 kWh；初稿 [DHW 0.20/ ELE 0.00/ TMP 0.00]；Refine 后 [DHW -1.00/ ELE 0.58/ TMP 0.00]；触发 B_high 减负荷；树搜索 cost 3.0046,"[18:00] 开始计算 Building_1 动作...|||> [本步实况] 实际上一步净用电 0.000 kWh。|||> [社区负荷] 社区实际上步净用电合计 0.000 kWh，预测下步净用电合计 8.317 kWh。|||> [预测层] ForecastAgent / XGBoost：下步室外温 36.8°C（上步预测误差 0.2%），不可调负荷 0.761 kWh（上步预测误差 53.3%），光伏 0.000 kWh（上步预测误差 100.0%），DHW 需求 0.106 kWh（上步预测误差 13.9%），粗算净负荷 偏低 (0.761 kWh，未含设备）。|||> [PID层] 室温低于设定点，冷机需求有限；PID 原始电需求 -0.606 kWh，室外 36.8°C，clip 后冷机 0.00，预测冷机电耗 0.000 kWh。|||> [RBC层] 判据：预测 DHW 0.106 kWh < 24h 均值 0.359 kWh 且 SOC 0.00 < 0.9 → 启动储热，动作 0.20，预测 DHW 电耗 0.486 kWh。|||> [电池状态] SOC 0.00，本小时下限 0.20，可用余量 -0.20（比例）。|||> [初稿] 正常工况电池初稿置 0（预测电耗 2.400 kWh），留给树搜索决定充放电。|||> [树搜索层] 输入状态 [均值 0.038, SOC 0.00, 当前净负荷 0.000, 下步净负荷 1.247]；为平抑 偏低 净负荷 (1.247 kWh)，电池充电，基准动作：0.60（搜索 cost 3.0046）。|||> [电价观测] 当前电价 0.059 $/kWh（CHESCA 规则控制未直接使用电价优化，仅作环境上下文）。|||> [Refine 微调] 树搜索后对电池追加放电调整 0.02，终稿 ELE 0.58。|||> [安全审查] 净负荷 3.647 kWh 超过 B_high 警戒线 0.193 kWh（均值 0.038 + B_high×σ 0.193）；DHW 0.20→-1.00。|||> [安全审查] 设备分解：冷机 0.000 + DHW 0.486 + 电池 2.400 kWh − 光伏 0.000 → 净负荷 3.647 kWh。|||> [MARL层介入] ResMARL 启用，α=0.15，模式 A（安全审查之后）；当前电价 0.059 $/kWh，电池 SOC 0.00，审查后净负荷 3.647 kWh。|||> [残差生成] MARL 对电池追加放电残差 -0.020（ELE 0.60→0.58）；mask=[ELE]。|||> 最终执行：TMP 削减 (AUX) 未触发，安全放行；终稿 DHW -1.00 / ELE 0.58 / TMP 0.00",1,0.15,1,none,0,-0.0195052,0,-1,0.6,0,-1,0.580495,0
1,17,18,1,0,normal,none,38.12,38.0574,36.8279,0.00164346,0.296779,0,0,1,0.396778,0.472218,0.40422,0.190132,0.185671,0.110762,0.161261,0.40345,0,0,-0.83,0,0,-0.83,0.578645,0,1,1,0,2.9835,0.0104074,0.0429107,2.68655,C,1,1.18,1,0,正常工况；预测负荷 0.404 kWh；预测光伏 0.000 kWh；初稿 [DHW -0.83/ ELE 0.00/ TMP 0.00]；Refine 后 [DHW -0.83/ ELE 0.58/ TMP 0.00]；触发 B_high 减负荷；树搜索 cost 2.6865,"[18:00] 开始计算 Building_2 动作...|||> [本步实况] 实际上一步净用电 0.000 kWh。|||> [社区负荷] 社区实际上步净用电合计 0.000 kWh，预测下步净用电合计 8.317 kWh。|||> [预测层] ForecastAgent / XGBoost：下步室外温 36.8°C（上步预测误差 0.2%），不可调负荷 0.404 kWh（上步预测误差 19.0%），光伏 0.000 kWh（上步预测误差 100.0%），DHW 需求 0.161 kWh（上步预测误差 40.3%），粗算净负荷 偏低 (0.404 kWh，未含设备）。|||> [PID层] 室温低于设定点，冷机需求有限；PID 原始电需求 -1.221 kWh，室外 36.8°C，clip 后冷机 0.00，预测冷机电耗 0.000 kWh。|||> [RBC层] 不满足储热条件（DHW 0.161 vs 均值 0.102，SOC 0.00），释放储热，动作 -0.83，预测 DHW 电耗 0.179 kWh。|||> [电池状态] SOC 0.00，本小时下限 0.20，可用余量 -0.20（比例）。|||> [初稿] 正常工况电池初稿置 0（预测电耗 2.400 kWh），留给树搜索决定充放电。|||> [树搜索层] 输入状态 [均值 0.010, SOC 0.00, 当前净负荷 0.000, 下步净负荷 0.584]；为平抑 偏低 净负荷 (0.584 kWh)，电池充电，基准动作：0.60（搜索 cost 2.6865）。|||> [电价观测] 当前电价 0.059 $/kWh（CHESCA 规则控制未直接使用电价优化，仅作环境上下文）。|||> [Refine 微调] 树搜索后对电池追加放电调整 0.02，终稿 ELE 0.58。|||> [安全审查] 净负荷 2.984 kWh 超过 B_high 警戒线 0.053 kWh（均值 0.010 + B_high×σ 0.053）；尝试削减 DHW/TMP。|||> [安全审查] 设备分解：冷机 0.000 + DHW 0.179 + 电池 2.400 kWh − 光伏 0.000 → 净负荷 2.984 kWh。|||> [MARL层介入] ResMARL 启用，α=0.15，模式 A（安全审查之后）；当前电价 0.059 $/kWh，电池 SOC 0.00，审查后净负荷 2.984 kWh。|||> [残差生成] MARL 对电池追加放电残差 -0.021（ELE 0.60→0.58）；mask=[ELE]。|||> 最终执行：TMP 削减 (AUX) 未触发，安全放行；终稿 DHW -0.83 / ELE 0.58 / TMP 0.00",1,0.15,1,none,0,-0.021355,0,-0.83,0.6,0,-0.83,0.578645,0
1,17,18,2,0,normal,none,38.12,38.0574,36.8279,0.00164346,0.593559,0,0,1,0.74362,0.74982,0.765126,0.00833802,0,0.0910631,0.0854748,0.0910631,0,0,0.2,0,0,-1,0.577416,0,1,1,0,2.96483,0.0312862,0.128996,2.66124,C,1,1.18,1,0,正常工况；预测负荷 0.765 kWh；预测光伏 0.000 kWh；初稿 [DHW 0.20/ ELE 0.00/ TMP 0.00]；Refine 后 [DHW -1.00/ ELE 0.58/ TMP 0.00]；触发 B_high 减负荷；树搜索 cost 2.6612,"[18:00] 开始计算 Building_3 动作...|||> [本步实况] 实际上一步净用电 0.000 kWh。|||> [社区负荷] 社区实际上步净用电合计 0.000 kWh，预测下步净用电合计 8.317 kWh。|||> [预测层] ForecastAgent / XGBoost：下步室外温 36.8°C（上步预测误差 0.2%），不可调负荷 0.765 kWh（上步预测误差 0.8%），光伏 0.000 kWh（上步预测误差 100.0%），DHW 需求 0.085 kWh（上步预测误差 9.1%），粗算净负荷 偏低 (0.765 kWh，未含设备）。|||> [PID层] 室温低于设定点，冷机需求有限；PID 原始电需求 -0.612 kWh，室外 36.8°C，clip 后冷机 0.00，预测冷机电耗 0.000 kWh。|||> [RBC层] 判据：预测 DHW 0.085 kWh < 24h 均值 0.120 kWh 且 SOC 0.00 < 0.9 → 启动储热，动作 0.20，预测 DHW 电耗 0.629 kWh。|||> [电池状态] SOC 0.00，本小时下限 0.20，可用余量 -0.20（比例）。|||> [初稿] 正常工况电池初稿置 0（预测电耗 1.571 kWh），留给树搜索决定充放电。|||> [树搜索层] 输入状态 [均值 0.031, SOC 0.00, 当前净负荷 0.000, 下步净负荷 1.394]；为平抑 偏低 净负荷 (1.394 kWh)，电池充电，基准动作：0.60（搜索 cost 2.6612）。|||> [电价观测] 当前电价 0.059 $/kWh（CHESCA 规则控制未直接使用电价优化，仅作环境上下文）。|||> [Refine 微调] 树搜索后对电池追加放电调整 0.02，终稿 ELE 0.58。|||> [安全审查] 净负荷 2.965 kWh 超过 B_high 警戒线 0.160 kWh（均值 0.031 + B_high×σ 0.160）；DHW 0.20→-1.00。|||> [安全审查] 设备分解：冷机 0.000 + DHW 0.629 + 电池 1.571 kWh − 光伏 0.000 → 净负荷 2.965 kWh。|||> [MARL层介入] ResMARL 启用，α=0.15，模式 A（安全审查之后）；当前电价 0.059 $/kWh，电池 SOC 0.00，审查后净负荷 2.965 kWh。|||> [残差生成] MARL 对电池追加放电残差 -0.023（ELE 0.60→0.58）；mask=[ELE]。|||> 最终执行：TMP 削减 (AUX) 未触发，安全放行；终稿 DHW -1.00 / ELE 0.58 / TMP 0.00",1,0.15,1,none,0,-0.0225843,0,-1,0.6,0,-1,0.577416,0
1,18,19,0,0,normal,none,36.11,36.8279,33.6173,0.0198823,0.161572,0,0,1,0.624087,0.760742,0.71229,0.218967,0,0.105625,0.0696572,0.105625,0,0,0.2,0,0,-1,0.583002,0,1,1,0,3.59841,0.035678,0.151369,2.98136,C,1,1.18,1,0,正常工况；预测负荷 0.712 kWh；预测光伏 0.000 kWh；初稿 [DHW 0.20/ ELE 0.00/ TMP 0.00]；Refine 后 [DHW -1.00/ ELE 0.58/ TMP 0.00]；触发 B_high 减负荷；树搜索 cost 2.9814,"[19:00] 开始计算 Building_1 动作...|||> [本步实况] 实际上一步净用电 0.000 kWh。|||> [社区负荷] 社区实际上步净用电合计 0.000 kWh，预测下步净用电合计 8.298 kWh。|||> [预测层] ForecastAgent / XGBoost：下步室外温 33.6°C（上步预测误差 2.0%），不可调负荷 0.712 kWh（上步预测误差 21.9%），光伏 0.000 kWh（上步预测误差 100.0%），DHW 需求 0.070 kWh（上步预测误差 10.6%），粗算净负荷 偏低 (0.712 kWh，未含设备）。|||> [PID层] 室温低于设定点，冷机需求有限；PID 原始电需求 -0.653 kWh，室外 33.6°C，clip 后冷机 0.00，预测冷机电耗 0.000 kWh。|||> [RBC层] 判据：预测 DHW 0.070 kWh < 24h 均值 0.359 kWh 且 SOC 0.00 < 0.9 → 启动储热，动作 0.20，预测 DHW 电耗 0.486 kWh。|||> [电池状态] SOC 0.00，本小时下限 0.20，可用余量 -0.20（比例）。|||> [初稿] 正常工况电池初稿置 0（预测电耗 2.400 kWh），留给树搜索决定充放电。|||> [树搜索层] 输入状态 [均值 0.036, SOC 0.00, 当前净负荷 0.000, 下步净负荷 1.198]；为平抑 偏低 净负荷 (1.198 kWh)，电池充电，基准动作：0.60（搜索 cost 2.9814）。|||> [电价观测] 当前电价 0.029 $/kWh（CHESCA 规则控制未直接使用电价优化，仅作环境上下文）。|||> [Refine 微调] 树搜索后对电池追加放电调整 0.02，终稿 ELE 0.58。|||> [安全审查] 净负荷 3.598 kWh 超过 B_high 警戒线 0.187 kWh（均值 0.036 + B_high×σ 0.187）；DHW 0.20→-1.00。|||> [安全审查] 设备分解：冷机 0.000 + DHW 0.486 + 电池 2.400 kWh − 光伏 0.000 → 净负荷 3.598 kWh。|||> [MARL层介入] ResMARL 启用，α=0.15，模式 A（安全审查之后）；当前电价 0.029 $/kWh，电池 SOC 0.00，审查后净负荷 3.598 kWh。|||> [残差生成] MARL 对电池追加放电残差 -0.017（ELE 0.60→0.58）；mask=[ELE]。|||> 最终执行：TMP 削减 (AUX) 未触发，安全放行；终稿 DHW -1.00 / ELE 0.58 / TMP 0.00",1,0.15,1,none,0,-0.0169983,0,-1,0.6,0,-1,0.583002,0
1,18,19,1,0,normal,none,36.11,36.8279,33.6173,0.0198823,0.080786,0,0,1,0.24197,0.40422,0.268169,0.670538,0,0.161261,0.0274065,0.161261,0,0,0.2,0,0,-1,0.577539,0,1,1,0,3.03637,0.00985962,0.0418308,2.71325,C,1,1.18,1,0,正常工况；预测负荷 0.268 kWh；预测光伏 0.000 kWh；初稿 [DHW 0.20/ ELE 0.00/ TMP 0.00]；Refine 后 [DHW -1.00/ ELE 0.58/ TMP 0.00]；触发 B_high 减负荷；树搜索 cost 2.7133,"[19:00] 开始计算 Building_2 动作...|||> [本步实况] 实际上一步净用电 0.000 kWh。|||> [社区负荷] 社区实际上步净用电合计 0.000 kWh，预测下步净用电合计 8.298 kWh。|||> [预测层] ForecastAgent / XGBoost：下步室外温 33.6°C（上步预测误差 2.0%），不可调负荷 0.268 kWh（上步预测误差 67.1%），光伏 0.000 kWh（上步预测误差 100.0%），DHW 需求 0.027 kWh（上步预测误差 16.1%），粗算净负荷 偏低 (0.268 kWh，未含设备）。|||> [PID层] 室温低于设定点，冷机需求有限；PID 原始电需求 -1.250 kWh，室外 33.6°C，clip 后冷机 0.00，预测冷机电耗 0.000 kWh。|||> [RBC层] 判据：预测 DHW 0.027 kWh < 24h 均值 0.102 kWh 且 SOC 0.00 < 0.9 → 启动储热，动作 0.20，预测 DHW 电耗 0.368 kWh。|||> [电池状态] SOC 0.00，本小时下限 0.20，可用余量 -0.20（比例）。|||> [初稿] 正常工况电池初稿置 0（预测电耗 2.400 kWh），留给树搜索决定充放电。|||> [树搜索层] 输入状态 [均值 0.010, SOC 0.00, 当前净负荷 0.000, 下步净负荷 0.636]；为平抑 偏低 净负荷 (0.636 kWh)，电池充电，基准动作：0.60（搜索 cost 2.7133）。|||> [电价观测] 当前电价 0.029 $/kWh（CHESCA 规则控制未直接使用电价优化，仅作环境上下文）。|||> [Refine 微调] 树搜索后对电池追加放电调整 0.02，终稿 ELE 0.58。|||> [安全审查] 净负荷 3.036 kWh 超过 B_high 警戒线 0.052 kWh（均值 0.010 + B_high×σ 0.052）；DHW 0.20→-1.00。|||> [安全审查] 设备分解：冷机 0.000 + DHW 0.368 + 电池 2.400 kWh − 光伏 0.000 → 净负荷 3.036 kWh。|||> [MARL层介入] ResMARL 启用，α=0.15，模式 A（安全审查之后）；当前电价 0.029 $/kWh，电池 SOC 0.00，审查后净负荷 3.036 kWh。|||> [残差生成] MARL 对电池追加放电残差 -0.022（ELE 0.60→0.58）；mask=[ELE]。|||> 最终执行：TMP 削减 (AUX) 未触发，安全放行；终稿 DHW -1.00 / ELE 0.58 / TMP 0.00",1,0.15,1,none,0,-0.0224611,0,-1,0.6,0,-1,0.577539,0
1,18,19,2,0,normal,none,36.11,36.8279,33.6173,0.0198823,0.161572,0,0,1,0.929234,0.765126,1.10428,0.176606,0,0.0854748,0.0430411,0.0854748,0,0,0.2,0,0,-1,0.578805,0,1,1,0,3.30398,0.0296395,0.12575,2.83164,C,1,1.18,1,0,正常工况；预测负荷 1.104 kWh；预测光伏 0.000 kWh；初稿 [DHW 0.20/ ELE 0.00/ TMP 0.00]；Refine 后 [DHW -1.00/ ELE 0.58/ TMP 0.00]；触发 B_high 减负荷；树搜索 cost 2.8316,"[19:00] 开始计算 Building_3 动作...|||> [本步实况] 实际上一步净用电 0.000 kWh。|||> [社区负荷] 社区实际上步净用电合计 0.000 kWh，预测下步净用电合计 8.298 kWh。|||> [预测层] ForecastAgent / XGBoost：下步室外温 33.6°C（上步预测误差 2.0%），不可调负荷 1.104 kWh（上步预测误差 17.7%），光伏 0.000 kWh（上步预测误差 100.0%），DHW 需求 0.043 kWh（上步预测误差 8.5%），粗算净负荷 偏低 (1.104 kWh，未含设备）。|||> [PID层] 室温低于设定点，冷机需求有限；PID 原始电需求 -0.640 kWh，室外 33.6°C，clip 后冷机 0.00，预测冷机电耗 0.000 kWh。|||> [RBC层] 判据：预测 DHW 0.043 kWh < 24h 均值 0.120 kWh 且 SOC 0.00 < 0.9 → 启动储热，动作 0.20，预测 DHW 电耗 0.629 kWh。|||> [电池状态] SOC 0.00，本小时下限 0.20，可用余量 -0.20（比例）。|||> [初稿] 正常工况电池初稿置 0（预测电耗 1.571 kWh），留给树搜索决定充放电。|||> [树搜索层] 输入状态 [均值 0.030, SOC 0.00, 当前净负荷 0.000, 下步净负荷 1.733]；为平抑 偏低 净负荷 (1.733 kWh)，电池充电，基准动作：0.60（搜索 cost 2.8316）。|||> [电价观测] 当前电价 0.029 $/kWh（CHESCA 规则控制未直接使用电价优化，仅作环境上下文）。|||> [Refine 微调] 树搜索后对电池追加放电调整 0.02，终稿 ELE 0.58。|||> [安全审查] 净负荷 3.304 kWh 超过 B_high 警戒线 0.155 kWh（均值 0.030 + B_high×σ 0.155）；DHW 0.20→-1.00。|||> [安全审查] 设备分解：冷机 0.000 + DHW 0.629 + 电池 1.571 kWh − 光伏 0.000 → 净负荷 3.304 kWh。|||> [MARL层介入] ResMARL 启用，α=0.15，模式 A（安全审查之后）；当前电价 0.029 $/kWh，电池 SOC 0.00，审查后净负荷 3.304 kWh。|||> [残差生成] MARL 对电池追加放电残差 -0.021（ELE 0.60→0.58）；mask=[ELE]。|||> 最终执行：TMP 削减 (AUX) 未触发，安全放行；终稿 DHW -1.00 / ELE 0.58 / TMP 0.00",1,0.15,1,none,0,-0.0211947,0,-1,0.6,0,-1,0.578805,0
1,19,20,0,0,normal,none,32.61,33.6173,30.8782,0.0308907,0,0,0,0,0.594565,0.71229,0.710622,0.198003,0.452992,0.0696572,0.229471,0.846228,0,0,0.2,0,0,-1,0.586589,0,1,1,0,3.84108,0.0338941,0.147741,3.10359,C,1,1.18,1,0,正常工况；预测负荷 0.711 kWh；预测光伏 0.000 kWh；初稿 [DHW 0.20/ ELE 0.00/ TMP 0.00]；Refine 后 [DHW -1.00/ ELE 0.59/ TMP 0.00]；触发 B_high 减负荷；树搜索 cost 3.1036,"[20:00] 开始计算 Building_1 动作...|||> [本步实况] 实际上一步净用电 0.000 kWh。|||> [社区负荷] 社区实际上步净用电合计 0.000 kWh，预测下步净用电合计 8.720 kWh。|||> [预测层] ForecastAgent / XGBoost：下步室外温 30.9°C（上步预测误差 3.1%），不可调负荷 0.711 kWh（上步预测误差 19.8%），光伏 0.000 kWh（上步预测误差 0.0%），DHW 需求 0.229 kWh（上步预测误差 84.6%），粗算净负荷 偏低 (0.711 kWh，未含设备）。|||> [PID层] 需降温；PID 原始电需求 -0.645 kWh，室外 30.9°C，clip 后冷机 0.00，预测冷机电耗 0.000 kWh。|||> [RBC层] 判据：预测 DHW 0.229 kWh < 24h 均值 0.378 kWh 且 SOC 0.00 < 0.9 → 启动储热，动作 0.20，预测 DHW 电耗 0.730 kWh。|||> [电池状态] SOC 0.00，本小时下限 0.20，可用余量 -0.20（比例）。|||> [初稿] 正常工况电池初稿置 0（预测电耗 2.400 kWh），留给树搜索决定充放电。|||> [树搜索层] 输入状态 [均值 0.034, SOC 0.00, 当前净负荷 0.000, 下步净负荷 1.441]；为平抑 偏低 净负荷 (1.441 kWh)，电池充电，基准动作：0.60（搜索 cost 3.1036）。|||> [电价观测] 当前电价 0.029 $/kWh（CHESCA 规则控制未直接使用电价优化，仅作环境上下文）。|||> [Refine 微调] 树搜索后对电池追加放电调整 0.01，终稿 ELE 0.59。|||> [安全审查] 净负荷 3.841 kWh 超过 B_high 警戒线 0.182 kWh（均值 0.034 + B_high×σ 0.182）；DHW 0.20→-1.00。|||> [安全审查] 设备分解：冷机 0.000 + DHW 0.244 + 电池 2.400 kWh − 光伏 0.000 → 净负荷 3.841 kWh。|||> [MARL层介入] ResMARL 启用，α=0.15，模式 A（安全审查之后）；当前电价 0.029 $/kWh，电池 SOC 0.00，审查后净负荷 3.841 kWh。|||> [残差生成] MARL 对电池追加放电残差 -0.013（ELE 0.60→0.59）；mask=[ELE]。|||> 最终执行：TMP 削减 (AUX) 未触发，安全放行；终稿 DHW -1.00 / ELE 0.59 / TMP 0.00",1,0.15,1,none,0,-0.0134113,0,-1,0.6,0,-1,0.586589,0
1,19,20,1,0,normal,none,32.61,33.6173,30.8782,0.0308907,0,0,0,0,0.391201,0.268169,0.351829,0.314498,0,0.0274065,0.0536709,0.0274065,0,0,0.2,0,0,-1,0.576165,0,1,1,0,3.12003,0.00936664,0.0408282,2.75533,C,1,1.18,1,0,正常工况；预测负荷 0.352 kWh；预测光伏 0.000 kWh；初稿 [DHW 0.20/ ELE 0.00/ TMP 0.00]；Refine 后 [DHW -1.00/ ELE 0.58/ TMP 0.00]；触发 B_high 减负荷；树搜索 cost 2.7553,"[20:00] 开始计算 Building_2 动作...|||> [本步实况] 实际上一步净用电 0.000 kWh。|||> [社区负荷] 社区实际上步净用电合计 0.000 kWh，预测下步净用电合计 8.720 kWh。|||> [预测层] ForecastAgent / XGBoost：下步室外温 30.9°C（上步预测误差 3.1%），不可调负荷 0.352 kWh（上步预测误差 31.4%），光伏 0.000 kWh（上步预测误差 0.0%），DHW 需求 0.054 kWh（上步预测误差 2.7%），粗算净负荷 偏低 (0.352 kWh，未含设备）。|||> [PID层] 室温低于设定点，冷机需求有限；PID 原始电需求 -1.279 kWh，室外 30.9°C，clip 后冷机 0.00，预测冷机电耗 0.000 kWh。|||> [RBC层] 判据：预测 DHW 0.054 kWh < 24h 均值 0.102 kWh 且 SOC 0.00 < 0.9 → 启动储热，动作 0.20，预测 DHW 电耗 0.368 kWh。|||> [电池状态] SOC 0.00，本小时下限 0.20，可用余量 -0.20（比例）。|||> [初稿] 正常工况电池初稿置 0（预测电耗 2.400 kWh），留给树搜索决定充放电。|||> [树搜索层] 输入状态 [均值 0.009, SOC 0.00, 当前净负荷 0.000, 下步净负荷 0.720]；为平抑 偏低 净负荷 (0.720 kWh)，电池充电，基准动作：0.60（搜索 cost 2.7553）。|||> [电价观测] 当前电价 0.029 $/kWh（CHESCA 规则控制未直接使用电价优化，仅作环境上下文）。|||> [Refine 微调] 树搜索后对电池追加放电调整 0.02，终稿 ELE 0.58。|||> [安全审查] 净负荷 3.120 kWh 超过 B_high 警戒线 0.050 kWh（均值 0.009 + B_high×σ 0.050）；DHW 0.20→-1.00。|||> [安全审查] 设备分解：冷机 0.000 + DHW 0.368 + 电池 2.400 kWh − 光伏 0.000 → 净负荷 3.120 kWh。|||> [MARL层介入] ResMARL 启用，α=0.15，模式 A（安全审查之后）；当前电价 0.029 $/kWh，电池 SOC 0.00，审查后净负荷 3.120 kWh。|||> [残差生成] MARL 对电池追加放电残差 -0.024（ELE 0.60→0.58）；mask=[ELE]。|||> 最终执行：TMP 削减 (AUX) 未触发，安全放行；终稿 DHW -1.00 / ELE 0.58 / TMP 0.00",1,0.15,1,none,0,-0.0238349,0,-1,0.6,0,-1,0.576165,0
1,19,20,2,0,normal,none,32.61,33.6173,30.8782,0.0308907,0,0,0,0,0.981112,1.10428,1.19107,0.125541,0,0.0430411,0.0839696,0.0430411,0,0,0.2,0,0,-1,0.581854,0,1,1,0,3.39077,0.0281576,0.122736,2.87578,C,1,1.18,1,0,正常工况；预测负荷 1.191 kWh；预测光伏 0.000 kWh；初稿 [DHW 0.20/ ELE 0.00/ TMP 0.00]；Refine 后 [DHW -1.00/ ELE 0.58/ TMP 0.00]；触发 B_high 减负荷；树搜索 cost 2.8758,"[20:00] 开始计算 Building_3 动作...|||> [本步实况] 实际上一步净用电 0.000 kWh。|||> [社区负荷] 社区实际上步净用电合计 0.000 kWh，预测下步净用电合计 8.720 kWh。|||> [预测层] ForecastAgent / XGBoost：下步室外温 30.9°C（上步预测误差 3.1%），不可调负荷 1.191 kWh（上步预测误差 12.6%），光伏 0.000 kWh（上步预测误差 0.0%），DHW 需求 0.084 kWh（上步预测误差 4.3%），粗算净负荷 偏低 (1.191 kWh，未含设备）。|||> [PID层] 需降温；PID 原始电需求 -0.668 kWh，室外 30.9°C，clip 后冷机 0.00，预测冷机电耗 0.000 kWh。|||> [RBC层] 判据：预测 DHW 0.084 kWh < 24h 均值 0.120 kWh 且 SOC 0.00 < 0.9 → 启动储热，动作 0.20，预测 DHW 电耗 0.629 kWh。|||> [电池状态] SOC 0.00，本小时下限 0.20，可用余量 -0.20（比例）。|||> [初稿] 正常工况电池初稿置 0（预测电耗 1.571 kWh），留给树搜索决定充放电。|||> [树搜索层] 输入状态 [均值 0.028, SOC 0.00, 当前净负荷 0.000, 下步净负荷 1.820]；为平抑 偏低 净负荷 (1.820 kWh)，电池充电，基准动作：0.60（搜索 cost 2.8758）。|||> [电价观测] 当前电价 0.029 $/kWh（CHESCA 规则控制未直接使用电价优化，仅作环境上下文）。|||> [Refine 微调] 树搜索后对电池追加放电调整 0.02，终稿 ELE 0.58。|||> [安全审查] 净负荷 3.391 kWh 超过 B_high 警戒线 0.151 kWh（均值 0.028 + B_high×σ 0.151）；DHW 0.20→-1.00。|||> [安全审查] 设备分解：冷机 0.000 + DHW 0.629 + 电池 1.571 kWh − 光伏 0.000 → 净负荷 3.391 kWh。|||> [MARL层介入] ResMARL 启用，α=0.15，模式 A（安全审查之后）；当前电价 0.029 $/kWh，电池 SOC 0.00，审查后净负荷 3.391 kWh。|||> [残差生成] MARL 对电池追加放电残差 -0.018（ELE 0.60→0.58）；mask=[ELE]。|||> 最终执行：TMP 削减 (AUX) 未触发，安全放行；终稿 DHW -1.00 / ELE 0.58 / TMP 0.00",1,0.15,1,none,0,-0.0181458,0,-1,0.6,0,-1,0.581854,0
1,20,21,0,0,normal,none,31.19,30.8782,29.9865,0.00999832,0,0,0,0,0.528865,0.710622,0.571227,0.343675,0,0.229471,0.0785791,0.229471,0,0,0.2,0,0,-1,0.590287,0,1,1,0,3.45734,0.0322801,0.144361,2.91253,C,1,1.18,1,0,正常工况；预测负荷 0.571 kWh；预测光伏 0.000 kWh；初稿 [DHW 0.20/ ELE 0.00/ TMP 0.00]；Refine 后 [DHW -1.00/ ELE 0.59/ TMP 0.00]；触发 B_high 减负荷；树搜索 cost 2.9125,"[21:00] 开始计算 Building_1 动作...|||> [本步实况] 实际上一步净用电 0.000 kWh。|||> [社区负荷] 社区实际上步净用电合计 0.000 kWh，预测下步净用电合计 8.602 kWh。|||> [预测层] ForecastAgent / XGBoost：下步室外温 30.0°C（上步预测误差 1.0%），不可调负荷 0.571 kWh（上步预测误差 34.4%），光伏 0.000 kWh（上步预测误差 0.0%），DHW 需求 0.079 kWh（上步预测误差 22.9%），粗算净负荷 偏低 (0.571 kWh，未含设备）。|||> [PID层] 需降温；PID 原始电需求 -0.611 kWh，室外 30.0°C，clip 后冷机 0.00，预测冷机电耗 0.000 kWh。|||> [RBC层] 判据：预测 DHW 0.079 kWh < 24h 均值 0.378 kWh 且 SOC 0.00 < 0.9 → 启动储热，动作 0.20，预测 DHW 电耗 0.486 kWh。|||> [电池状态] SOC 0.00，本小时下限 0.20，可用余量 -0.20（比例）。|||> [初稿] 正常工况电池初稿置 0（预测电耗 2.400 kWh），留给树搜索决定充放电。|||> [树搜索层] 输入状态 [均值 0.032, SOC 0.00, 当前净负荷 0.000, 下步净负荷 1.057]；为平抑 偏低 净负荷 (1.057 kWh)，电池充电，基准动作：0.60（搜索 cost 2.9125）。|||> [电价观测] 当前电价 0.029 $/kWh（CHESCA 规则控制未直接使用电价优化，仅作环境上下文）。|||> [安全审查] 净负荷 3.457 kWh 超过 B_high 警戒线 0.177 kWh（均值 0.032 + B_high×σ 0.177）；DHW 0.20→-1.00。|||> [安全审查] 设备分解：冷机 0.000 + DHW 0.486 + 电池 2.400 kWh − 光伏 0.000 → 净负荷 3.457 kWh。|||> [MARL层介入] ResMARL 启用，α=0.15，模式 A（安全审查之后）；当前电价 0.029 $/kWh，电池 SOC 0.00，审查后净负荷 3.457 kWh。|||> [残差生成] MARL 对电池追加放电残差 -0.010（ELE 0.60→0.59）；mask=[ELE]。|||> 最终执行：TMP 削减 (AUX) 未触发，安全放行；终稿 DHW -1.00 / ELE 0.59 / TMP 0.00",1,0.15,1,none,0,-0.00971327,0,-1,0.6,0,-1,0.590287,0
1,20,21,1,0,normal,none,31.19,30.8782,29.9865,0.00999832,0,0,0,0,0.364682,0.351829,0.354037,0.0352454,0.374335,0.0536709,0.0997538,0.856623,0,0,0.2,0,0,-1,0.574956,0,1,1,0,3.12223,0.00892061,0.0398942,2.75666,C,1,1.18,1,0,正常工况；预测负荷 0.354 kWh；预测光伏 0.000 kWh；初稿 [DHW 0.20/ ELE 0.00/ TMP 0.00]；Refine 后 [DHW -1.00/ ELE 0.57/ TMP 0.00]；触发 B_high 减负荷；树搜索 cost 2.7567,"[21:00] 开始计算 Building_2 动作...|||> [本步实况] 实际上一步净用电 0.000 kWh。|||> [社区负荷] 社区实际上步净用电合计 0.000 kWh，预测下步净用电合计 8.602 kWh。|||> [预测层] ForecastAgent / XGBoost：下步室外温 30.0°C（上步预测误差 1.0%），不可调负荷 0.354 kWh（上步预测误差 3.5%），光伏 0.000 kWh（上步预测误差 0.0%），DHW 需求 0.100 kWh（上步预测误差 85.7%），粗算净负荷 偏低 (0.354 kWh，未含设备）。|||> [PID层] 室温低于设定点，冷机需求有限；PID 原始电需求 -1.308 kWh，室外 30.0°C，clip 后冷机 0.00，预测冷机电耗 0.000 kWh。|||> [RBC层] 判据：预测 DHW 0.100 kWh < 24h 均值 0.117 kWh 且 SOC 0.00 < 0.9 → 启动储热，动作 0.20，预测 DHW 电耗 0.368 kWh。|||> [电池状态] SOC 0.00，本小时下限 0.20，可用余量 -0.20（比例）。|||> [初稿] 正常工况电池初稿置 0（预测电耗 2.400 kWh），留给树搜索决定充放电。|||> [树搜索层] 输入状态 [均值 0.009, SOC 0.00, 当前净负荷 0.000, 下步净负荷 0.722]；为平抑 偏低 净负荷 (0.722 kWh)，电池充电，基准动作：0.60（搜索 cost 2.7567）。|||> [电价观测] 当前电价 0.029 $/kWh（CHESCA 规则控制未直接使用电价优化，仅作环境上下文）。|||> [Refine 微调] 树搜索后对电池追加放电调整 0.03，终稿 ELE 0.57。|||> [安全审查] 净负荷 3.122 kWh 超过 B_high 警戒线 0.049 kWh（均值 0.009 + B_high×σ 0.049）；DHW 0.20→-1.00。|||> [安全审查] 设备分解：冷机 0.000 + DHW 0.368 + 电池 2.400 kWh − 光伏 0.000 → 净负荷 3.122 kWh。|||> [MARL层介入] ResMARL 启用，α=0.15，模式 A（安全审查之后）；当前电价 0.029 $/kWh，电池 SOC 0.00，审查后净负荷 3.122 kWh。|||> [残差生成] MARL 对电池追加放电残差 -0.025（ELE 0.60→0.57）；mask=[ELE]。|||> 最终执行：TMP 削减 (AUX) 未触发，安全放行；终稿 DHW -1.00 / ELE 0.57 / TMP 0.00",1,0.15,1,none,0,-0.0250443,0,-1,0.6,0,-1,0.574956,0
1,20,21,2,0,normal,none,31.19,30.8782,29.9865,0.00999832,0,0,0,0,1.07056,1.19107,1.4449,0.112565,0,0.0839696,0.0785791,0.0839696,0,0,0.2,0,0,-1,0.584965,0,1,1,0,3.6446,0.0268167,0.119928,3.00336,C,1,1.18,1,0,正常工况；预测负荷 1.445 kWh；预测光伏 0.000 kWh；初稿 [DHW 0.20/ ELE 0.00/ TMP 0.00]；Refine 后 [DHW -1.00/ ELE 0.58/ TMP 0.00]；触发 B_high 减负荷；树搜索 cost 3.0034,"[21:00] 开始计算 Building_3 动作...|||> [本步实况] 实际上一步净用电 0.000 kWh。|||> [社区负荷] 社区实际上步净用电合计 0.000 kWh，预测下步净用电合计 8.602 kWh。|||> [预测层] ForecastAgent / XGBoost：下步室外温 30.0°C（上步预测误差 1.0%），不可调负荷 1.445 kWh（上步预测误差 11.3%），光伏 0.000 kWh（上步预测误差 0.0%），DHW 需求 0.079 kWh（上步预测误差 8.4%），粗算净负荷 偏低 (1.445 kWh，未含设备）。|||> [PID层] 需降温；PID 原始电需求 -0.696 kWh，室外 30.0°C，clip 后冷机 0.00，预测冷机电耗 0.000 kWh。|||> [RBC层] 判据：预测 DHW 0.079 kWh < 24h 均值 0.120 kWh 且 SOC 0.00 < 0.9 → 启动储热，动作 0.20，预测 DHW 电耗 0.629 kWh。|||> [电池状态] SOC 0.00，本小时下限 0.20，可用余量 -0.20（比例）。|||> [初稿] 正常工况电池初稿置 0（预测电耗 1.571 kWh），留给树搜索决定充放电。|||> [树搜索层] 输入状态 [均值 0.027, SOC 0.00, 当前净负荷 0.000, 下步净负荷 2.074]；为平抑 偏低 净负荷 (2.074 kWh)，电池充电，基准动作：0.60（搜索 cost 3.0034）。|||> [电价观测] 当前电价 0.029 $/kWh（CHESCA 规则控制未直接使用电价优化，仅作环境上下文）。|||> [Refine 微调] 树搜索后对电池追加放电调整 0.02，终稿 ELE 0.58。|||> [安全审查] 净负荷 3.645 kWh 超过 B_high 警戒线 0.147 kWh（均值 0.027 + B_high×σ 0.147）；DHW 0.20→-1.00。|||> [安全审查] 设备分解：冷机 0.000 + DHW 0.629 + 电池 1.571 kWh − 光伏 0.000 → 净负荷 3.645 kWh。|||> [MARL层介入] ResMARL 启用，α=0.15，模式 A（安全审查之后）；当前电价 0.029 $/kWh，电池 SOC 0.00，审查后净负荷 3.645 kWh。|||> [残差生成] MARL 对电池追加放电残差 -0.015（ELE 0.60→0.58）；mask=[ELE]。|||> 最终执行：TMP 削减 (AUX) 未触发，安全放行；终稿 DHW -1.00 / ELE 0.58 / TMP 0.00",1,0.15,1,none,0,-0.015035,0,-1,0.6,0,-1,0.584965,0
1,21,22,0,0,normal,none,29.6,29.9865,28.5019,0.0130564,0,0,0,0,0.454219,0.571227,0.429052,0.257602,0.452995,0.0785791,0.26837,0.826534,0,0,0.2,0,0,-1,0.543585,0,1,1,0,3.40093,0.0308128,0.141202,2.78506,C,1,1.18,1,0,正常工况；预测负荷 0.429 kWh；预测光伏 0.000 kWh；初稿 [DHW 0.20/ ELE 0.00/ TMP 0.00]；Refine 后 [DHW -1.00/ ELE 0.54/ TMP 0.00]；触发 B_high 减负荷；树搜索 cost 2.7851,"[22:00] 开始计算 Building_1 动作...|||> [本步实况] 实际上一步净用电 0.000 kWh。|||> [社区负荷] 社区实际上步净用电合计 0.000 kWh，预测下步净用电合计 8.380 kWh。|||> [预测层] ForecastAgent / XGBoost：下步室外温 28.5°C（上步预测误差 1.3%），不可调负荷 0.429 kWh（上步预测误差 25.8%），光伏 0.000 kWh（上步预测误差 0.0%），DHW 需求 0.268 kWh（上步预测误差 82.7%），粗算净负荷 偏低 (0.429 kWh，未含设备）。|||> [PID层] 室温低于设定点，冷机需求有限；PID 原始电需求 -0.697 kWh，室外 28.5°C，clip 后冷机 0.00，预测冷机电耗 0.000 kWh。|||> [RBC层] 判据：预测 DHW 0.268 kWh < 24h 均值 0.397 kWh 且 SOC 0.00 < 0.9 → 启动储热，动作 0.20，预测 DHW 电耗 0.772 kWh。|||> [电池状态] SOC 0.00，本小时下限 0.20，可用余量 -0.20（比例）。|||> [初稿] 正常工况电池初稿置 0（预测电耗 2.200 kWh），留给树搜索决定充放电。|||> [树搜索层] 输入状态 [均值 0.031, SOC 0.00, 当前净负荷 0.000, 下步净负荷 1.201]；为平抑 偏低 净负荷 (1.201 kWh)，电池充电，基准动作：0.55（搜索 cost 2.7851）。|||> [电价观测] 当前电价 0.029 $/kWh（CHESCA 规则控制未直接使用电价优化，仅作环境上下文）。|||> [安全审查] 净负荷 3.401 kWh 超过 B_high 警戒线 0.172 kWh（均值 0.031 + B_high×σ 0.172）；DHW 0.20→-1.00。|||> [安全审查] 设备分解：冷机 0.000 + DHW 0.286 + 电池 2.200 kWh − 光伏 0.000 → 净负荷 3.401 kWh。|||> [MARL层介入] ResMARL 启用，α=0.15，模式 A（安全审查之后）；当前电价 0.029 $/kWh，电池 SOC 0.00，审查后净负荷 3.401 kWh。|||> [残差生成] MARL 对电池追加放电残差 -0.006（ELE 0.55→0.54）；mask=[ELE]。|||> 最终执行：TMP 削减 (AUX) 未触发，安全放行；终稿 DHW -1.00 / ELE 0.54 / TMP 0.00",1,0.15,1,none,0,-0.00641468,0,-1,0.55,0,-1,0.543585,0
1,21,22,1,0,normal,none,29.6,29.9865,28.5019,0.0130564,0,0,0,0,0.387619,0.354037,0.337757,0.086636,0,0.0997538,0.0467243,0.0997538,0,0,0.2,0,0,-1,0.526106,0,1,1,0,2.90596,0.00851513,0.0390212,2.54872,C,1,1.18,1,0,正常工况；预测负荷 0.338 kWh；预测光伏 0.000 kWh；初稿 [DHW 0.20/ ELE 0.00/ TMP 0.00]；Refine 后 [DHW -1.00/ ELE 0.53/ TMP 0.00]；触发 B_high 减负荷；树搜索 cost 2.5487,"[22:00] 开始计算 Building_2 动作...|||> [本步实况] 实际上一步净用电 0.000 kWh。|||> [社区负荷] 社区实际上步净用电合计 0.000 kWh，预测下步净用电合计 8.380 kWh。|||> [预测层] ForecastAgent / XGBoost：下步室外温 28.5°C（上步预测误差 1.3%），不可调负荷 0.338 kWh（上步预测误差 8.7%），光伏 0.000 kWh（上步预测误差 0.0%），DHW 需求 0.047 kWh（上步预测误差 10.0%），粗算净负荷 偏低 (0.338 kWh，未含设备）。|||> [PID层] 需降温；PID 原始电需求 -1.326 kWh，室外 28.5°C，clip 后冷机 0.00，预测冷机电耗 0.000 kWh。|||> [RBC层] 判据：预测 DHW 0.047 kWh < 24h 均值 0.117 kWh 且 SOC 0.00 < 0.9 → 启动储热，动作 0.20，预测 DHW 电耗 0.368 kWh。|||> [电池状态] SOC 0.00，本小时下限 0.20，可用余量 -0.20（比例）。|||> [初稿] 正常工况电池初稿置 0（预测电耗 2.200 kWh），留给树搜索决定充放电。|||> [树搜索层] 输入状态 [均值 0.009, SOC 0.00, 当前净负荷 0.000, 下步净负荷 0.706]；为平抑 偏低 净负荷 (0.706 kWh)，电池充电，基准动作：0.55（搜索 cost 2.5487）。|||> [电价观测] 当前电价 0.029 $/kWh（CHESCA 规则控制未直接使用电价优化，仅作环境上下文）。|||> [Refine 微调] 树搜索后对电池追加放电调整 0.02，终稿 ELE 0.53。|||> [安全审查] 净负荷 2.906 kWh 超过 B_high 警戒线 0.048 kWh（均值 0.009 + B_high×σ 0.048）；DHW 0.20→-1.00。|||> [安全审查] 设备分解：冷机 0.000 + DHW 0.368 + 电池 2.200 kWh − 光伏 0.000 → 净负荷 2.906 kWh。|||> [MARL层介入] ResMARL 启用，α=0.15，模式 A（安全审查之后）；当前电价 0.029 $/kWh，电池 SOC 0.00，审查后净负荷 2.906 kWh。|||> [残差生成] MARL 对电池追加放电残差 -0.024（ELE 0.55→0.53）；mask=[ELE]。|||> 最终执行：TMP 削减 (AUX) 未触发，安全放行；终稿 DHW -1.00 / ELE 0.53 / TMP 0.00",1,0.15,1,none,0,-0.0238936,0,-1,0.55,0,-1,0.526106,0
1,21,22,2,0,normal,none,29.6,29.9865,28.5019,0.0130564,0,0,0,0,1.19002,1.4449,1.09168,0.214185,0.698768,0.0785791,0.34913,0.887546,0,0,-0.83,0,0,-0.83,0.537813,0,1,1,0,3.04882,0.0255978,0.117304,2.54108,C,1,1.18,1,0,正常工况；预测负荷 1.092 kWh；预测光伏 0.000 kWh；初稿 [DHW -0.83/ ELE 0.00/ TMP 0.00]；Refine 后 [DHW -0.83/ ELE 0.54/ TMP 0.00]；触发 B_high 减负荷；树搜索 cost 2.5411,"[22:00] 开始计算 Building_3 动作...|||> [本步实况] 实际上一步净用电 0.000 kWh。|||> [社区负荷] 社区实际上步净用电合计 0.000 kWh，预测下步净用电合计 8.380 kWh。|||> [预测层] ForecastAgent / XGBoost：下步室外温 28.5°C（上步预测误差 1.3%），不可调负荷 1.092 kWh（上步预测误差 21.4%），光伏 0.000 kWh（上步预测误差 0.0%），DHW 需求 0.349 kWh（上步预测误差 88.8%），粗算净负荷 偏低 (1.092 kWh，未含设备）。|||> [PID层] 需降温；PID 原始电需求 -0.725 kWh，室外 28.5°C，clip 后冷机 0.00，预测冷机电耗 0.000 kWh。|||> [RBC层] 不满足储热条件（DHW 0.349 vs 均值 0.149，SOC 0.00），释放储热，动作 -0.83，预测 DHW 电耗 0.386 kWh。|||> [电池状态] SOC 0.00，本小时下限 0.20，可用余量 -0.20（比例）。|||> [初稿] 正常工况电池初稿置 0（预测电耗 1.571 kWh），留给树搜索决定充放电。|||> [树搜索层] 输入状态 [均值 0.026, SOC 0.00, 当前净负荷 0.000, 下步净负荷 1.478]；为平抑 偏低 净负荷 (1.478 kWh)，电池充电，基准动作：0.55（搜索 cost 2.5411）。|||> [电价观测] 当前电价 0.029 $/kWh（CHESCA 规则控制未直接使用电价优化，仅作环境上下文）。|||> [Refine 微调] 树搜索后对电池追加放电调整 0.01，终稿 ELE 0.54。|||> [安全审查] 净负荷 3.049 kWh 超过 B_high 警戒线 0.143 kWh（均值 0.026 + B_high×σ 0.143）；尝试削减 DHW/TMP。|||> [安全审查] 设备分解：冷机 0.000 + DHW 0.386 + 电池 1.571 kWh − 光伏 0.000 → 净负荷 3.049 kWh。|||> [MARL层介入] ResMARL 启用，α=0.15，模式 A（安全审查之后）；当前电价 0.029 $/kWh，电池 SOC 0.00，审查后净负荷 3.049 kWh。|||> [残差生成] MARL 对电池追加放电残差 -0.012（ELE 0.55→0.54）；mask=[ELE]。|||> 最终执行：TMP 削减 (AUX) 未触发，安全放行；终稿 DHW -0.83 / ELE 0.54 / TMP 0.00",1,0.15,1,none,0,-0.0121875,0,-0.83,0.55,0,-0.83,0.537813,0
1,22,23,0,0,normal,none,28.04,28.5019,27.0184,0.0164722,0,0,0,0,0.42151,0.429052,0.399935,0.0178933,0,0.26837,0.0246442,0.26837,0,0,0.2,0,0,-1,0.596358,0,1,1,0,3.28605,0.0294731,0.138241,2.82829,C,1,1.18,1,0,正常工况；预测负荷 0.400 kWh；预测光伏 0.000 kWh；初稿 [DHW 0.20/ ELE 0.00/ TMP 0.00]；Refine 后 [DHW -1.00/ ELE 0.60/ TMP 0.00]；触发 B_high 减负荷；树搜索 cost 2.8283,"[23:00] 开始计算 Building_1 动作...|||> [本步实况] 实际上一步净用电 0.000 kWh。|||> [社区负荷] 社区实际上步净用电合计 0.000 kWh，预测下步净用电合计 8.437 kWh。|||> [预测层] ForecastAgent / XGBoost：下步室外温 27.0°C（上步预测误差 1.6%），不可调负荷 0.400 kWh（上步预测误差 1.8%），光伏 0.000 kWh（上步预测误差 0.0%），DHW 需求 0.025 kWh（上步预测误差 26.8%），粗算净负荷 偏低 (0.400 kWh，未含设备）。|||> [PID层] 需降温；PID 原始电需求 -0.711 kWh，室外 27.0°C，clip 后冷机 0.00，预测冷机电耗 0.000 kWh。|||> [RBC层] 判据：预测 DHW 0.025 kWh < 24h 均值 0.397 kWh 且 SOC 0.00 < 0.9 → 启动储热，动作 0.20，预测 DHW 电耗 0.486 kWh。|||> [电池状态] SOC 0.00，本小时下限 0.20，可用余量 -0.20（比例）。|||> [初稿] 正常工况电池初稿置 0（预测电耗 2.400 kWh），留给树搜索决定充放电。|||> [树搜索层] 输入状态 [均值 0.029, SOC 0.00, 当前净负荷 0.000, 下步净负荷 0.886]；为平抑 偏低 净负荷 (0.886 kWh)，电池充电，基准动作：0.60（搜索 cost 2.8283）。|||> [电价观测] 当前电价 0.029 $/kWh（CHESCA 规则控制未直接使用电价优化，仅作环境上下文）。|||> [安全审查] 净负荷 3.286 kWh 超过 B_high 警戒线 0.168 kWh（均值 0.029 + B_high×σ 0.168）；DHW 0.20→-1.00。|||> [安全审查] 设备分解：冷机 0.000 + DHW 0.486 + 电池 2.400 kWh − 光伏 0.000 → 净负荷 3.286 kWh。|||> [MARL层介入] ResMARL 启用，α=0.15，模式 A（安全审查之后）；当前电价 0.029 $/kWh，电池 SOC 0.00，审查后净负荷 3.286 kWh。|||> [残差生成] MARL 对电池追加放电残差 -0.004（ELE 0.60→0.60）；mask=[ELE]。|||> 最终执行：TMP 削减 (AUX) 未触发，安全放行；终稿 DHW -1.00 / ELE 0.60 / TMP 0.00",1,0.15,1,none,0,-0.0036418,0,-1,0.6,0,-1,0.596358,0
1,22,23,1,0,normal,none,28.04,28.5019,27.0184,0.0164722,0,0,0,0,0.193257,0.337757,0.215524,0.747707,0,0.0467243,0.0122555,0.0467243,0,0,0.2,0,0,-1,0.574986,0,1,1,0,2.98372,0.00814491,0.038203,2.68779,C,1,1.18,1,0,正常工况；预测负荷 0.216 kWh；预测光伏 0.000 kWh；初稿 [DHW 0.20/ ELE 0.00/ TMP 0.00]；Refine 后 [DHW -1.00/ ELE 0.57/ TMP 0.00]；触发 B_high 减负荷；树搜索 cost 2.6878,"[23:00] 开始计算 Building_2 动作...|||> [本步实况] 实际上一步净用电 0.000 kWh。|||> [社区负荷] 社区实际上步净用电合计 0.000 kWh，预测下步净用电合计 8.437 kWh。|||> [预测层] ForecastAgent / XGBoost：下步室外温 27.0°C（上步预测误差 1.6%），不可调负荷 0.216 kWh（上步预测误差 74.8%），光伏 0.000 kWh（上步预测误差 0.0%），DHW 需求 0.012 kWh（上步预测误差 4.7%），粗算净负荷 偏低 (0.216 kWh，未含设备）。|||> [PID层] 需降温；PID 原始电需求 -1.355 kWh，室外 27.0°C，clip 后冷机 0.00，预测冷机电耗 0.000 kWh。|||> [RBC层] 判据：预测 DHW 0.012 kWh < 24h 均值 0.117 kWh 且 SOC 0.00 < 0.9 → 启动储热，动作 0.20，预测 DHW 电耗 0.368 kWh。|||> [电池状态] SOC 0.00，本小时下限 0.20，可用余量 -0.20（比例）。|||> [初稿] 正常工况电池初稿置 0（预测电耗 2.400 kWh），留给树搜索决定充放电。|||> [树搜索层] 输入状态 [均值 0.008, SOC 0.00, 当前净负荷 0.000, 下步净负荷 0.584]；为平抑 偏低 净负荷 (0.584 kWh)，电池充电，基准动作：0.60（搜索 cost 2.6878）。|||> [电价观测] 当前电价 0.029 $/kWh（CHESCA 规则控制未直接使用电价优化，仅作环境上下文）。|||> [Refine 微调] 树搜索后对电池追加放电调整 0.03，终稿 ELE 0.57。|||> [安全审查] 净负荷 2.984 kWh 超过 B_high 警戒线 0.046 kWh（均值 0.008 + B_high×σ 0.046）；DHW 0.20→-1.00。|||> [安全审查] 设备分解：冷机 0.000 + DHW 0.368 + 电池 2.400 kWh − 光伏 0.000 → 净负荷 2.984 kWh。|||> [MARL层介入] ResMARL 启用，α=0.15，模式 A（安全审查之后）；当前电价 0.029 $/kWh，电池 SOC 0.00，审查后净负荷 2.984 kWh。|||> [残差生成] MARL 对电池追加放电残差 -0.025（ELE 0.60→0.57）；mask=[ELE]。|||> 最终执行：TMP 削减 (AUX) 未触发，安全放行；终稿 DHW -1.00 / ELE 0.57 / TMP 0.00",1,0.15,1,none,0,-0.0250136,0,-1,0.6,0,-1,0.574986,0
1,22,23,2,0,normal,none,28.04,28.5019,27.0184,0.0164722,0,0,0,0,0.983102,1.09168,1.02232,0.110442,0.890806,0.34913,0.490749,0.608075,0,0,-0.83,0,0,-0.83,0.590635,0,1,1,0,3.13607,0.0244848,0.114844,2.75026,C,1,1.18,1,0,正常工况；预测负荷 1.022 kWh；预测光伏 0.000 kWh；初稿 [DHW -0.83/ ELE 0.00/ TMP 0.00]；Refine 后 [DHW -0.83/ ELE 0.59/ TMP 0.00]；触发 B_high 减负荷；树搜索 cost 2.7503,"[23:00] 开始计算 Building_3 动作...|||> [本步实况] 实际上一步净用电 0.000 kWh。|||> [社区负荷] 社区实际上步净用电合计 0.000 kWh，预测下步净用电合计 8.437 kWh。|||> [预测层] ForecastAgent / XGBoost：下步室外温 27.0°C（上步预测误差 1.6%），不可调负荷 1.022 kWh（上步预测误差 11.0%），光伏 0.000 kWh（上步预测误差 0.0%），DHW 需求 0.491 kWh（上步预测误差 60.8%），粗算净负荷 偏低 (1.022 kWh，未含设备）。|||> [PID层] 需降温；PID 原始电需求 -0.754 kWh，室外 27.0°C，clip 后冷机 0.00，预测冷机电耗 0.000 kWh。|||> [RBC层] 不满足储热条件（DHW 0.491 vs 均值 0.186，SOC 0.00），释放储热，动作 -0.83，预测 DHW 电耗 0.543 kWh。|||> [电池状态] SOC 0.00，本小时下限 0.20，可用余量 -0.20（比例）。|||> [初稿] 正常工况电池初稿置 0（预测电耗 1.571 kWh），留给树搜索决定充放电。|||> [树搜索层] 输入状态 [均值 0.024, SOC 0.00, 当前净负荷 0.000, 下步净负荷 1.565]；为平抑 偏低 净负荷 (1.565 kWh)，电池充电，基准动作：0.60（搜索 cost 2.7503）。|||> [电价观测] 当前电价 0.029 $/kWh（CHESCA 规则控制未直接使用电价优化，仅作环境上下文）。|||> [安全审查] 净负荷 3.136 kWh 超过 B_high 警戒线 0.139 kWh（均值 0.024 + B_high×σ 0.139）；尝试削减 DHW/TMP。|||> [安全审查] 设备分解：冷机 0.000 + DHW 0.543 + 电池 1.571 kWh − 光伏 0.000 → 净负荷 3.136 kWh。|||> [MARL层介入] ResMARL 启用，α=0.15，模式 A（安全审查之后）；当前电价 0.029 $/kWh，电池 SOC 0.00，审查后净负荷 3.136 kWh。|||> [残差生成] MARL 对电池追加放电残差 -0.009（ELE 0.60→0.59）；mask=[ELE]。|||> 最终执行：TMP 削减 (AUX) 未触发，安全放行；终稿 DHW -0.83 / ELE 0.59 / TMP 0.00",1,0.15,1,none,0,-0.00936481,0,-0.83,0.6,0,-0.83,0.590635,0
